test_battery,test_cycles,mae_pp,rmse_pp,bias_pp,frozen_mae_pp,abs_mae_diff_pp
B0005,168,4.939601073699308,6.3279783785627135,4.164123288618676,4.9396010736993095,1.7763568394002505e-15
B0006,168,7.511388290799863,8.67718589102738,-0.6391643178039574,7.51138829079986,2.6645352591003757e-15
B0007,168,3.6234937246378003,4.305941859194268,-0.32594552645016656,3.6234937246377954,4.884981308350689e-15
B0018,132,6.775982483870841,7.308508816226852,6.611174553344156,6.775982483870849,7.993605777301127e-15
B0025,28,2.2152534394921473,2.8246482356759577,-2.2152534394921473,2.215253439492159,1.1546319456101628e-14
B0026,27,0.872183220088815,1.5923779546107826,0.8721633372402791,0.8721832200888092,5.773159728050814e-15
B0027,28,12.266581323650671,12.770018711303893,-12.266581323650671,12.266581323650655,1.5987211554602254e-14
B0028,28,11.261487820973693,11.531353644597274,-11.261487820973693,11.26148782097367,2.3092638912203256e-14
B0029,40,3.7652931363679514,4.546394623770002,-3.4192167876246176,3.765293136367957,5.773159728050814e-15
B0030,40,3.9788388796323075,4.590839083638954,3.687368012752489,3.978838879632312,4.440892098500626e-15
B0031,40,2.1190478432663866,2.5538715802471197,1.3837636329722784,2.1190478432663893,2.6645352591003757e-15
B0032,40,3.769650637276108,4.742868542100015,-3.3634345304958666,3.769650637276115,7.105427357601002e-15
B0033,184,7.892301635605997,8.680490732996407,-7.601871830389497,7.892301635605992,5.329070518200751e-15
B0034,195,6.780568229183342,7.252139395675128,6.4108178343439945,6.780568229183338,4.440892098500626e-15
B0036,195,2.533604528835844,3.3354101451736407,0.03655369026608399,2.533604528835846,2.220446049250313e-15
B0038,47,5.650709304873644,8.11935012703135,1.6097182045254874,5.650709304873644,0.0
B0039,35,2.2541067444540213,4.475762460947383,1.5068739395311452,2.254106744454027,5.773159728050814e-15
B0040,46,8.519698299192875,13.70923529467575,8.519698299192875,8.519698299192866,8.881784197001252e-15
B0041,25,6.249637773196313,7.050145996349217,5.003752693367826,6.2496377731963175,4.440892098500626e-15
B0042,65,4.556015991592244,5.14065624128324,-4.556015991592244,4.556015991592247,2.6645352591003757e-15
B0043,65,2.624477094896129,3.238258888451216,0.09880150801130529,2.6244770948961262,2.6645352591003757e-15
B0044,65,3.9330562967496485,5.1636182086516085,-3.733037851370174,3.9330562967496503,1.7763568394002505e-15
B0045,70,18.94898810751419,19.31076055605282,18.94898810751419,18.94898810751419,0.0
B0046,69,7.190846011710713,9.273833515465885,-6.621746356091287,7.190846011710713,0.0
B0047,69,2.3189748864107558,2.695765626569437,1.9430615646614358,2.3189748864107527,3.1086244689504383e-15
B0048,69,2.2372294989751516,3.242071252940878,-1.6475135971595471,2.2372294989751533,1.7763568394002505e-15
B0049,22,12.321993586994637,14.201996950496383,9.021440890860363,12.321993586994637,0.0
B0050,10,19.59820940686355,21.05588522533671,-13.649674104254217,19.598209406863543,7.105427357601002e-15
B0051,22,16.48746941641633,17.88545016456645,15.106212456587645,16.487469416416335,3.552713678800501e-15
B0052,3,20.75775886208898,20.934223564251443,-20.75775886208898,20.757758862088984,3.552713678800501e-15
B0053,55,5.589873857329801,5.78053723032027,-5.589873857329801,5.589873857329798,2.6645352591003757e-15
B0054,101,9.494636766795999,9.94189876896553,9.265900574526265,9.494636766795994,5.329070518200751e-15
B0055,101,4.003019732832462,5.717910533376629,-2.9862800511727476,4.003019732832467,4.440892098500626e-15
B0056,101,8.236143974215723,8.801132450872762,-8.236143974215723,8.23614397421572,3.552713678800501e-15
