filename,size_bytes,sha256
canonical_float64_seed42_lobo_by_battery.csv,2293,8beb460700a6652d7099dba8af47182b824797393635c5cc6c292cafcbee7258
canonical_float64_tree_exact_match.csv,394,03ac21b221db73b07d5c0e1579357c12052b335e67ae5a2a0e18482411605cc3
canonical_lobo_vs_frozen_comparison.csv,3635,c70c5a07985a2f05060e47c33c62cf374c6243459241db784d2785f312c82867
canonical_training_environment.json,1294,cffbb78d32feea7fa00ece67b35f48a96a9011787c8ba46bb7d3a90a001eae21
environment_repro_exact.yml,277,f8cd7bc3ae454068a1d0278cc16e0d0aaa4a5cd8f006581b77340093dd728ecb
final_online_training_canonical_v2.npz,353429,4472effc044206968c759c3f133d8216efb6dec7abae02074972f15951318962
legacy_float32_target_tree_match.csv,222,e36e7f5e7658faf942e46503cf8d81ce191b10044710f97febe1bd22534c6033
README_CANONICAL_TRAINING_CONTRACT.txt,1237,30c45f9be77fa4db71f5717cc7428e9db455b32796704166c8d6028a0c744766
requirements_repro_exact.txt,118,f33ba8c4f2871857cf7393f97e844929caa529150f679cb802228a97aa35317a
rf20x7_parameter_check.csv,198,b46e4f86658d6a255cf4a3a5876863251653a6fc99e54b9d95c5223cbb5bbff3
target_precision_audit.csv,207,0c8135ee99500531290d5c146a7a825daa565be6f22aaeaf64c9d32d7ce3ab5e
