claim_id,paper_section,claim_type,value,unit,status,evidence,wording_rule,notes
protocol_id,Methods,identity,ONLINE_FIXED_START_CAUSAL_10S_V1,,FINAL,Step32+Step33,Use exact protocol identifier.,
final_online_cohort_cycles,Methods,cohort,2521,cycles,FINAL,Step32+Step34,Final harmonized online cohort; not the whole NASA dataset.,
final_online_cohort_batteries,Methods,cohort,34,batteries,FINAL,Step32+Step34,Use battery-level wording.,
nominal_observation_interval,Methods,timing,10.0,s,FINAL,Step33/F7,Nominal causal observation interval; not total decision time.,
stabilization_interval,Methods,timing,5.0,s,FINAL,Protocol contract,State separately from the 10-s nominal interval.,
decision_delay_median,Methods/Timing,timing,6.812,s,FINAL,Step33/F7,median wait after nominal target time.,
decision_delay_p95,Methods/Timing,timing,14.016,s,FINAL,Step33/F7,p95 wait after nominal target time.,
decision_delay_max,Methods/Timing,timing,15.141,s,FINAL,Step33/F7,max wait after nominal target time.,
active_onset_to_decision_median,Methods/Timing,timing,21.812,s,FINAL,Step33/F7,median time from detected active-discharge onset to decision; excludes post-acquisition compute.,
active_onset_to_decision_p95,Methods/Timing,timing,29.016,s,FINAL,Step33/F7,p95 time from detected active-discharge onset to decision; excludes post-acquisition compute.,
active_onset_to_decision_max,Methods/Timing,timing,30.141,s,FINAL,Step33/F7,max time from detected active-discharge onset to decision; excludes post-acquisition compute.,
nominal_interval_raw_sample_median,Methods/Limitations,sampling,1.0,raw samples,FINAL,Step33/F7,11 grid points do not mean 11 independent raw measurements.,
extra_history_p95,Methods/Timing,sampling,9.25,s,FINAL,Step33/F7,Historical support before nominal interval.,
extra_history_max,Methods/Timing,sampling,9.985,s,FINAL,Step33/F7,Historical support before nominal interval.,
raw_to_44_max_abs_feature_diff,Methods/Reproducibility,numerical_parity,0.0,,FINAL,Step32/F5,Exact parity for frozen F5 run.,
future_support_max,Methods/Reproducibility,causality,0.0,s,FINAL,Step32/F5,Stored future-support maximum.,
future_perturbation_test_scope,Methods/Reproducibility,scope,50,cycles,FINAL_LIMITED,Step32/F5,Deterministic 50-cycle negative test; never imply all 2521 cycles.,
rf20_strict_lobo_macro_mae,Results,generalization,7.096415349426007,pp,FINAL,Step34/F3,Headline strict unseen-battery generalization estimate for architecture/protocol.,
rf150_strict_lobo_macro_mae,Results,generalization,7.202305,pp,FINAL,Frozen online result,Reference model; do not claim equivalence.,
rf20_temperature_condition_mae,Results/OOD,temperature_shift,13.99005195904802,pp,FINAL,Step34/F1,31-cell matched-pool analysis.,
rf20_temperature_matched_lobo_ref,Results/OOD,temperature_shift,6.993527195938773,pp,FINAL,Step34/F1,Matched 31-cell strict LOBO reference.,
rf20_temperature_penalty,Results/OOD,temperature_shift,6.996524763109244,pp,FINAL,Step34/F1,Supersedes old +6.736710 pp.,
rf20_temperature_penalty_ci95_low,Results/OOD,temperature_shift,4.1168398024248685,pp,FINAL,Step34/F1 bootstrap,Battery-level bootstrap; model not retrained.,
rf20_temperature_penalty_ci95_high,Results/OOD,temperature_shift,9.712288932257596,pp,FINAL,Step34/F1 bootstrap,Battery-level bootstrap; model not retrained.,
rf150_temperature_penalty,Results/OOD,temperature_shift,5.998515477259362,pp,FINAL,Step34/F1,Cohort-specific exploratory comparison.,
square_wave_cycles,Results/Failure analysis,sampling_diagnostic,111,cycles,FINAL,Step33/F2,Use with raw-sample limitation.,
square_wave_windows_with_one_raw_sample,Results/Failure analysis,sampling_diagnostic,107,cycles,FINAL,Step33/F2,Aliasing/interpolation distortion cannot be excluded.,
square_wave_windows_with_two_raw_samples,Results/Failure analysis,sampling_diagnostic,4,cycles,FINAL,Step33/F2,Aliasing/interpolation distortion cannot be excluded.,
canonical_X_dtype,Methods/Reproducibility,dtype,float32,,FINAL,Step34/F3,Canonical X.,
canonical_y_dtype,Methods/Reproducibility,dtype,float64,,FINAL,Step34/F3,Canonical y; do not use legacy float32 y as canonical retraining target.,
canonical_tree_match,Methods/Reproducibility,model_reconstruction,20/20,trees,FINAL,Step34/F3,Canonical target reproduces all final trees.,
legacy_float32_tree_match,Methods/Reproducibility,model_reconstruction,0/20,trees,FINAL,Step34/F3,Use only to explain target precision requirement.,
canonical_npz_sha256,Methods/Reproducibility,artifact_identity,4472effc044206968c759c3f133d8216efb6dec7abae02074972f15951318962,,FINAL,Step34/F3,Exact canonical artifact identity.,
sklearn_version,Methods/Reproducibility,environment,1.6.1,,FINAL,Step34/F3,Verified environment.,
esp32_standalone_rf_inference_mean,Embedded Deployment,hardware_benchmark,62.302,us/inference,FINAL_LIMITED,D1B retained measurement,Fixed-vector RF benchmark; not end-to-end latency.,
esp32_feature_plus_rf_post_acquisition,Embedded Deployment,hardware_benchmark,584.141,us/window,FINAL_LIMITED,D1B retained measurement,Pre-acquired input; excludes sensing/acquisition/resampling.,
esp32_incremental_flash_footprint,Embedded Deployment,hardware_resource,63.3125,KiB,FINAL_LIMITED,D1B retained build record,"Incremental inference-sketch Flash footprint, not total firmware size.",
esp32_extra_static_global_compile_delta,Embedded Deployment,hardware_resource,0,B,FINAL_LIMITED,D1B retained build record,Compile delta only; not total RAM cost.,
