battery_id,test_cycles,condition_mae_pp,condition_bias_pp,condition_rmse_pp,model,held_out_temperature,matched_lobo_mae_pp,matched_lobo_rmse_pp,matched_lobo_bias_pp,matched_temperature_penalty_pp
B0005,168,9.137431096133213,4.540794526276437,10.349414644272242,RF_20x7_deployed,24C,4.425828375594292,5.663598404576617,3.6691194042801762,4.711602720538921
B0006,168,10.947138454073048,4.223308716360578,12.10812217010347,RF_20x7_deployed,24C,7.47037074232739,8.64700504984336,0.03419034145791229,3.4767677117456586
B0007,168,6.769740542777028,-3.0340168688076994,8.168676277657974,RF_20x7_deployed,24C,3.670081488587017,4.40272168394837,-0.864848651086621,3.099659054190011
B0018,132,7.861848124082025,5.119175692368751,9.226357202012931,RF_20x7_deployed,24C,7.57819906507538,8.208615925910225,7.400154440637332,0.2836490590066445
B0025,28,9.106437459064109,-9.106437459064109,9.17244624992624,RF_20x7_deployed,24C,1.4580714675230055,1.6773422281930064,-1.3977764824535635,7.6483659915411035
B0026,27,7.923515624867104,-7.923515624867104,8.075553260091283,RF_20x7_deployed,24C,0.9847128044025282,1.6576975614889249,0.9847128044025282,6.938802820464575
B0027,28,10.238986216382704,-10.238986216382704,10.59256585199456,RF_20x7_deployed,24C,6.12880427599183,6.6994404832533885,-6.12880427599183,4.110181940390874
B0028,28,17.77758752634168,-17.77758752634168,17.81667302878949,RF_20x7_deployed,24C,10.383546355817247,10.753470518639888,-10.383546355817247,7.394041170524433
B0033,184,9.00039936112544,8.712539049983578,10.901072179154779,RF_20x7_deployed,24C,4.9555901935245945,6.428193413438581,-4.281753756385345,4.044809167600846
B0034,195,12.766607169936055,12.672552604466418,13.424725276982322,RF_20x7_deployed,24C,5.72525182385948,6.1178377833512725,5.213772539622785,7.041355346076575
B0036,195,9.439708956520237,-9.439708956520237,9.918689045824973,RF_20x7_deployed,24C,3.904828494137226,4.8204248826090055,2.0067889879087466,5.534880462383011
B0005,168,8.96105748231267,4.082105070091651,10.120967587072535,RF_full_150,24C,6.874038553690791,8.431267705350562,6.567493117518067,2.0870189286218794
B0006,168,10.206058061367136,3.3373494956127776,11.420874993274886,RF_full_150,24C,8.080045528172954,9.009686447647987,-0.493348317647827,2.1260125331941815
B0007,168,6.822808246253381,-1.9857878783316738,7.929267844009291,RF_full_150,24C,3.768237645019038,4.47096097252186,-0.12769640957307818,3.0545706012343428
B0018,132,7.665620709692163,4.756657363238027,8.942393607764703,RF_full_150,24C,9.013191888983512,9.57609625564386,8.950314227762158,-1.3475711792913483
B0025,28,9.453680593039937,-9.453680593039937,9.558198209682057,RF_full_150,24C,1.5115792468957554,1.8945600192288579,-1.5115792468957554,7.942101346144182
B0026,27,8.426325996189124,-8.426325996189124,8.627282432750189,RF_full_150,24C,1.096334772070828,1.658962991313145,1.096334772070828,7.329991224118296
B0027,28,10.650025905738302,-10.650025905738302,11.055230138917494,RF_full_150,24C,6.560226308194591,6.701689072440674,-6.560226308194591,4.089799597543711
B0028,28,15.660286725968701,-15.660286725968701,15.708861163108708,RF_full_150,24C,6.8981805635783076,7.684701035837838,-6.8981805635783076,8.762106162390394
B0033,184,8.919809601282504,8.65563829076292,10.834498312571304,RF_full_150,24C,4.858719574175296,6.260917814352961,-4.032434064453169,4.061090027107207
B0034,195,12.713870435561274,12.608806102503472,13.375540765771957,RF_full_150,24C,7.798754461672377,8.365553758313238,7.410020428069371,4.915115973888897
B0036,195,7.671092404210982,-7.671092404210982,8.103721106372038,RF_full_150,24C,3.479523474130355,4.317925287043741,0.7300741845874482,4.191568930080627
B0029,40,3.941802755737119,-3.426135340991453,4.889889620322454,RF_20x7_deployed,43C,3.238673546418208,3.9485166082316576,-2.4740728023861966,0.7031292093189112
B0030,40,2.51230710721595,-0.01702948997788347,2.9523738701882616,RF_20x7_deployed,43C,3.649134862848259,4.331422560760038,3.38113548821057,-1.136827755632309
B0031,40,4.2913553177630535,-4.2913553177630535,4.83182375798756,RF_20x7_deployed,43C,2.4682257269536647,2.965372016034985,2.0160843022774526,1.8231295908093887
B0032,40,4.905079235608199,-4.776437086177997,5.921864829761907,RF_20x7_deployed,43C,3.758270457795411,4.701900983832409,-3.536048805383227,1.1468087778127884
B0029,40,3.378022719950755,-1.1811897081836746,4.162217688827869,RF_full_150,43C,2.7020433408275695,3.229220411880928,-1.8946992974909656,0.6759793791231856
B0030,40,3.4442844733210998,2.6976230794531864,4.134463569303348,RF_full_150,43C,3.57668058679029,4.096335319189571,3.3272366167530025,-0.13239611346919045
B0031,40,2.3509895457171717,-1.554664703730662,2.851452223785809,RF_full_150,43C,3.3503980976421373,3.8995872528398037,3.1850916247267596,-0.9994085519249656
B0032,40,3.171696317882293,-1.5754096931663846,3.8367410103845208,RF_full_150,43C,3.388798446789329,4.28777087345507,-3.2871049278465803,-0.21710212890703628
B0041,25,30.994704675075273,30.994704675075273,31.252621684127615,RF_20x7_deployed,4C,7.92766251364938,8.792150806011461,7.04933671720968,23.067042161425892
B0042,65,7.845545270496183,3.072653956317391,9.591381804453672,RF_20x7_deployed,4C,4.763601779817449,5.413614700600223,-4.739175696092318,3.081943490678734
B0043,65,7.816539920486797,5.730263964150474,10.414359712083082,RF_20x7_deployed,4C,2.739237705315006,3.351357926549407,0.26187233754303435,5.077302215171791
B0044,65,10.07013913527363,1.9660435261731308,11.594858508834434,RF_20x7_deployed,4C,4.572743697615609,5.871990994614321,-4.4759164497759905,5.497395437658021
B0045,70,42.1645770923731,42.1645770923731,42.30357950619979,RF_20x7_deployed,4C,20.320517448908667,20.818424683247457,20.320517448908667,21.844059643464433
B0046,69,18.312601554886978,18.312601554886978,18.62640108596064,RF_20x7_deployed,4C,6.96672064121099,9.152879958896948,-6.305339610897372,11.345880913675988
B0047,69,19.43010649535316,19.43010649535316,19.690204265908026,RF_20x7_deployed,4C,2.3970094636572044,2.734733169726663,2.0524106011113292,17.033097031695956
B0048,69,17.777671007156716,17.777671007156716,18.142790465085728,RF_20x7_deployed,4C,2.7545669334715694,3.7246716698267903,-1.8411030578163996,15.023104073685147
B0049,22,26.33764974874217,26.30965699055149,28.306738912078217,RF_20x7_deployed,4C,11.162598552672756,13.203562304395794,8.850518202598202,15.175051196069413
B0050,10,10.878122087354631,6.950588970574069,17.64642585991389,RF_20x7_deployed,4C,18.754017457502837,20.47031835310854,-12.378114974676837,-7.875895370148205
B0051,22,28.747863511725406,28.747863511725406,30.149900854915188,RF_20x7_deployed,4C,16.281106987682122,17.822278651615743,15.048158049847574,12.466756524043284
B0052,3,3.9581601007884664,3.7093330894458583,5.222743553639134,RF_20x7_deployed,4C,19.73588306770229,19.945496519436634,-19.73588306770229,-15.777722966913823
B0053,55,19.626155498944197,19.626155498944197,19.817676661761066,RF_20x7_deployed,4C,5.895411538343707,6.057904559617995,-5.895411538343707,13.73074396060049
B0054,101,24.82746204191675,24.82746204191675,25.119405850627068,RF_20x7_deployed,4C,10.10512195427202,10.879245375153488,9.862383991267425,14.72234008764473
B0055,101,21.935834972687,21.935834972687,22.502064653038513,RF_20x7_deployed,4C,4.030230251217943,5.632481308919409,-2.2308786474133115,17.905604721469057
B0056,101,16.34853266960116,16.34853266960116,16.909785742781516,RF_20x7_deployed,4C,8.59332340020691,9.096760187413006,-8.59332340020691,7.75520926939425
B0041,25,31.212163724801243,31.212163724801243,31.49861450571506,RF_full_150,4C,7.788519481115481,8.625365955441184,7.017839635431951,23.423644243685764
B0042,65,8.90839357460628,2.3786778329571128,10.271985074416667,RF_full_150,4C,4.380954364360371,4.912929476616846,-4.380954364360371,4.527439210245908
B0043,65,8.203075448643078,5.399199747194908,10.916031672578697,RF_full_150,4C,2.4076867272106592,3.0238785015621623,-0.6608053523327128,5.795388721432419
B0044,65,10.431470673558799,1.9282062602441215,11.883849076351064,RF_full_150,4C,5.163698693401638,6.552467537338377,-5.120677038755143,5.267771980157161
B0045,70,41.92918091172335,41.92918091172335,42.06808645567449,RF_full_150,4C,18.418664021546093,18.981102345847773,18.418664021546093,23.510516890177257
B0046,69,18.821779302223472,18.821779302223472,19.108285403255206,RF_full_150,4C,6.671168325725855,8.859409156909903,-6.149999342763665,12.150610976497617
B0047,69,19.982149342927848,19.982149342927848,20.227158356893884,RF_full_150,4C,2.879752986323662,3.2453430924882736,2.6203374718697634,17.102396356604185
B0048,69,18.138677680738837,18.138677680738837,18.486547303638083,RF_full_150,4C,2.1222103932994845,3.102602881590699,-1.5127203266175913,16.016467287439355
B0049,22,21.521522671165908,20.28483627932457,23.142350648382216,RF_full_150,4C,12.259382146317206,13.75864418852469,9.920376182518753,9.262140524848702
B0050,10,10.542843251427929,3.1722630778119294,18.13051865617677,RF_full_150,4C,18.53948483665752,20.348859782679494,-12.372257386904412,-7.99664158522959
B0051,22,24.015314479277478,23.88619088683741,25.635350196027684,RF_full_150,4C,18.57903334071196,20.34633202707879,17.717291469270148,5.436281138565519
B0052,3,5.312474892703297,-1.361462892378152,5.533960985387662,RF_full_150,4C,20.443438133592696,20.726977104073907,-20.443438133592696,-15.1309632408894
B0053,55,14.29515522554933,14.29515522554933,14.739760150121962,RF_full_150,4C,5.19605366724994,5.647757880708702,-5.19605366724994,9.09910155829939
B0054,101,19.791973641909006,19.791973641909006,20.28814379430787,RF_full_150,4C,11.015896229751625,11.696971696601384,10.844722015400864,8.776077412157381
B0055,101,18.847722573515316,18.772080948358855,19.621795651320053,RF_full_150,4C,3.98304321905,5.7543694266915395,-1.5040189474674486,14.864679354465316
B0056,101,13.476916101703427,13.384385438966278,14.344615818893796,RF_full_150,4C,6.166723864974592,6.896416596935322,-6.166723864974592,7.3101922367288354
