battery_id,test_cycles,condition_mae_pp,condition_bias_pp,condition_rmse_pp,model,held_out_temperature
B0005,168,9.137431096133213,4.540794526276437,10.349414644272242,RF_20x7_deployed,24C
B0006,168,10.947138454073048,4.223308716360578,12.10812217010347,RF_20x7_deployed,24C
B0007,168,6.769740542777028,-3.0340168688076994,8.168676277657974,RF_20x7_deployed,24C
B0018,132,7.861848124082025,5.119175692368751,9.226357202012931,RF_20x7_deployed,24C
B0025,28,9.106437459064109,-9.106437459064109,9.17244624992624,RF_20x7_deployed,24C
B0026,27,7.923515624867104,-7.923515624867104,8.075553260091283,RF_20x7_deployed,24C
B0027,28,10.238986216382704,-10.238986216382704,10.59256585199456,RF_20x7_deployed,24C
B0028,28,17.77758752634168,-17.77758752634168,17.81667302878949,RF_20x7_deployed,24C
B0033,184,9.00039936112544,8.712539049983578,10.901072179154779,RF_20x7_deployed,24C
B0034,195,12.766607169936055,12.672552604466418,13.424725276982322,RF_20x7_deployed,24C
B0036,195,9.439708956520237,-9.439708956520237,9.918689045824973,RF_20x7_deployed,24C
B0005,168,8.96105748231267,4.082105070091651,10.120967587072535,RF_full_150,24C
B0006,168,10.206058061367136,3.3373494956127776,11.420874993274886,RF_full_150,24C
B0007,168,6.822808246253381,-1.9857878783316738,7.929267844009291,RF_full_150,24C
B0018,132,7.665620709692163,4.756657363238027,8.942393607764703,RF_full_150,24C
B0025,28,9.453680593039937,-9.453680593039937,9.558198209682057,RF_full_150,24C
B0026,27,8.426325996189124,-8.426325996189124,8.627282432750189,RF_full_150,24C
B0027,28,10.650025905738302,-10.650025905738302,11.055230138917494,RF_full_150,24C
B0028,28,15.660286725968701,-15.660286725968701,15.708861163108708,RF_full_150,24C
B0033,184,8.919809601282504,8.65563829076292,10.834498312571304,RF_full_150,24C
B0034,195,12.713870435561274,12.608806102503472,13.375540765771957,RF_full_150,24C
B0036,195,7.671092404210982,-7.671092404210982,8.103721106372038,RF_full_150,24C
B0029,40,3.941802755737119,-3.426135340991453,4.889889620322454,RF_20x7_deployed,43C
B0030,40,2.51230710721595,-0.01702948997788347,2.9523738701882616,RF_20x7_deployed,43C
B0031,40,4.2913553177630535,-4.2913553177630535,4.83182375798756,RF_20x7_deployed,43C
B0032,40,4.905079235608199,-4.776437086177997,5.921864829761907,RF_20x7_deployed,43C
B0029,40,3.378022719950755,-1.1811897081836746,4.162217688827869,RF_full_150,43C
B0030,40,3.4442844733210998,2.6976230794531864,4.134463569303348,RF_full_150,43C
B0031,40,2.3509895457171717,-1.554664703730662,2.851452223785809,RF_full_150,43C
B0032,40,3.171696317882293,-1.5754096931663846,3.8367410103845208,RF_full_150,43C
B0041,25,30.994704675075273,30.994704675075273,31.252621684127615,RF_20x7_deployed,4C
B0042,65,7.845545270496183,3.072653956317391,9.591381804453672,RF_20x7_deployed,4C
B0043,65,7.816539920486797,5.730263964150474,10.414359712083082,RF_20x7_deployed,4C
B0044,65,10.07013913527363,1.9660435261731308,11.594858508834434,RF_20x7_deployed,4C
B0045,70,42.1645770923731,42.1645770923731,42.30357950619979,RF_20x7_deployed,4C
B0046,69,18.312601554886978,18.312601554886978,18.62640108596064,RF_20x7_deployed,4C
B0047,69,19.43010649535316,19.43010649535316,19.690204265908026,RF_20x7_deployed,4C
B0048,69,17.777671007156716,17.777671007156716,18.142790465085728,RF_20x7_deployed,4C
B0049,22,26.33764974874217,26.30965699055149,28.306738912078217,RF_20x7_deployed,4C
B0050,10,10.878122087354631,6.950588970574069,17.64642585991389,RF_20x7_deployed,4C
B0051,22,28.747863511725406,28.747863511725406,30.149900854915188,RF_20x7_deployed,4C
B0052,3,3.9581601007884664,3.7093330894458583,5.222743553639134,RF_20x7_deployed,4C
B0053,55,19.626155498944197,19.626155498944197,19.817676661761066,RF_20x7_deployed,4C
B0054,101,24.82746204191675,24.82746204191675,25.119405850627068,RF_20x7_deployed,4C
B0055,101,21.935834972687,21.935834972687,22.502064653038513,RF_20x7_deployed,4C
B0056,101,16.34853266960116,16.34853266960116,16.909785742781516,RF_20x7_deployed,4C
B0041,25,31.212163724801243,31.212163724801243,31.49861450571506,RF_full_150,4C
B0042,65,8.90839357460628,2.3786778329571128,10.271985074416667,RF_full_150,4C
B0043,65,8.203075448643078,5.399199747194908,10.916031672578697,RF_full_150,4C
B0044,65,10.431470673558799,1.9282062602441215,11.883849076351064,RF_full_150,4C
B0045,70,41.92918091172335,41.92918091172335,42.06808645567449,RF_full_150,4C
B0046,69,18.821779302223472,18.821779302223472,19.108285403255206,RF_full_150,4C
B0047,69,19.982149342927848,19.982149342927848,20.227158356893884,RF_full_150,4C
B0048,69,18.138677680738837,18.138677680738837,18.486547303638083,RF_full_150,4C
B0049,22,21.521522671165908,20.28483627932457,23.142350648382216,RF_full_150,4C
B0050,10,10.542843251427929,3.1722630778119294,18.13051865617677,RF_full_150,4C
B0051,22,24.015314479277478,23.88619088683741,25.635350196027684,RF_full_150,4C
B0052,3,5.312474892703297,-1.361462892378152,5.533960985387662,RF_full_150,4C
B0053,55,14.29515522554933,14.29515522554933,14.739760150121962,RF_full_150,4C
B0054,101,19.791973641909006,19.791973641909006,20.28814379430787,RF_full_150,4C
B0055,101,18.847722573515316,18.772080948358855,19.621795651320053,RF_full_150,4C
B0056,101,13.476916101703427,13.384385438966278,14.344615818893796,RF_full_150,4C
