model,test_battery,temperature_family,test_cycles,matched_lobo_mae_pp,matched_lobo_rmse_pp,matched_lobo_bias_pp
RF_20x7_deployed,B0005,24C,168,4.425828375594292,5.663598404576617,3.6691194042801762
RF_20x7_deployed,B0006,24C,168,7.47037074232739,8.64700504984336,0.03419034145791229
RF_20x7_deployed,B0007,24C,168,3.670081488587017,4.40272168394837,-0.864848651086621
RF_20x7_deployed,B0018,24C,132,7.57819906507538,8.208615925910225,7.400154440637332
RF_20x7_deployed,B0025,24C,28,1.4580714675230055,1.6773422281930064,-1.3977764824535635
RF_20x7_deployed,B0026,24C,27,0.9847128044025282,1.6576975614889249,0.9847128044025282
RF_20x7_deployed,B0027,24C,28,6.12880427599183,6.6994404832533885,-6.12880427599183
RF_20x7_deployed,B0028,24C,28,10.383546355817247,10.753470518639888,-10.383546355817247
RF_20x7_deployed,B0029,43C,40,3.238673546418208,3.9485166082316576,-2.4740728023861966
RF_20x7_deployed,B0030,43C,40,3.649134862848259,4.331422560760038,3.38113548821057
RF_20x7_deployed,B0031,43C,40,2.4682257269536647,2.965372016034985,2.0160843022774526
RF_20x7_deployed,B0032,43C,40,3.758270457795411,4.701900983832409,-3.536048805383227
RF_20x7_deployed,B0033,24C,184,4.9555901935245945,6.428193413438581,-4.281753756385345
RF_20x7_deployed,B0034,24C,195,5.72525182385948,6.1178377833512725,5.213772539622785
RF_20x7_deployed,B0036,24C,195,3.904828494137226,4.8204248826090055,2.0067889879087466
RF_20x7_deployed,B0041,4C,25,7.92766251364938,8.792150806011461,7.04933671720968
RF_20x7_deployed,B0042,4C,65,4.763601779817449,5.413614700600223,-4.739175696092318
RF_20x7_deployed,B0043,4C,65,2.739237705315006,3.351357926549407,0.26187233754303435
RF_20x7_deployed,B0044,4C,65,4.572743697615609,5.871990994614321,-4.4759164497759905
RF_20x7_deployed,B0045,4C,70,20.320517448908667,20.818424683247457,20.320517448908667
RF_20x7_deployed,B0046,4C,69,6.96672064121099,9.152879958896948,-6.305339610897372
RF_20x7_deployed,B0047,4C,69,2.3970094636572044,2.734733169726663,2.0524106011113292
RF_20x7_deployed,B0048,4C,69,2.7545669334715694,3.7246716698267903,-1.8411030578163996
RF_20x7_deployed,B0049,4C,22,11.162598552672756,13.203562304395794,8.850518202598202
RF_20x7_deployed,B0050,4C,10,18.754017457502837,20.47031835310854,-12.378114974676837
RF_20x7_deployed,B0051,4C,22,16.281106987682122,17.822278651615743,15.048158049847574
RF_20x7_deployed,B0052,4C,3,19.73588306770229,19.945496519436634,-19.73588306770229
RF_20x7_deployed,B0053,4C,55,5.895411538343707,6.057904559617995,-5.895411538343707
RF_20x7_deployed,B0054,4C,101,10.10512195427202,10.879245375153488,9.862383991267425
RF_20x7_deployed,B0055,4C,101,4.030230251217943,5.632481308919409,-2.2308786474133115
RF_20x7_deployed,B0056,4C,101,8.59332340020691,9.096760187413006,-8.59332340020691
RF_full_150,B0005,24C,168,6.874038553690791,8.431267705350562,6.567493117518067
RF_full_150,B0006,24C,168,8.080045528172954,9.009686447647987,-0.493348317647827
RF_full_150,B0007,24C,168,3.768237645019038,4.47096097252186,-0.12769640957307818
RF_full_150,B0018,24C,132,9.013191888983512,9.57609625564386,8.950314227762158
RF_full_150,B0025,24C,28,1.5115792468957554,1.8945600192288579,-1.5115792468957554
RF_full_150,B0026,24C,27,1.096334772070828,1.658962991313145,1.096334772070828
RF_full_150,B0027,24C,28,6.560226308194591,6.701689072440674,-6.560226308194591
RF_full_150,B0028,24C,28,6.8981805635783076,7.684701035837838,-6.8981805635783076
RF_full_150,B0029,43C,40,2.7020433408275695,3.229220411880928,-1.8946992974909656
RF_full_150,B0030,43C,40,3.57668058679029,4.096335319189571,3.3272366167530025
RF_full_150,B0031,43C,40,3.3503980976421373,3.8995872528398037,3.1850916247267596
RF_full_150,B0032,43C,40,3.388798446789329,4.28777087345507,-3.2871049278465803
RF_full_150,B0033,24C,184,4.858719574175296,6.260917814352961,-4.032434064453169
RF_full_150,B0034,24C,195,7.798754461672377,8.365553758313238,7.410020428069371
RF_full_150,B0036,24C,195,3.479523474130355,4.317925287043741,0.7300741845874482
RF_full_150,B0041,4C,25,7.788519481115481,8.625365955441184,7.017839635431951
RF_full_150,B0042,4C,65,4.380954364360371,4.912929476616846,-4.380954364360371
RF_full_150,B0043,4C,65,2.4076867272106592,3.0238785015621623,-0.6608053523327128
RF_full_150,B0044,4C,65,5.163698693401638,6.552467537338377,-5.120677038755143
RF_full_150,B0045,4C,70,18.418664021546093,18.981102345847773,18.418664021546093
RF_full_150,B0046,4C,69,6.671168325725855,8.859409156909903,-6.149999342763665
RF_full_150,B0047,4C,69,2.879752986323662,3.2453430924882736,2.6203374718697634
RF_full_150,B0048,4C,69,2.1222103932994845,3.102602881590699,-1.5127203266175913
RF_full_150,B0049,4C,22,12.259382146317206,13.75864418852469,9.920376182518753
RF_full_150,B0050,4C,10,18.53948483665752,20.348859782679494,-12.372257386904412
RF_full_150,B0051,4C,22,18.57903334071196,20.34633202707879,17.717291469270148
RF_full_150,B0052,4C,3,20.443438133592696,20.726977104073907,-20.443438133592696
RF_full_150,B0053,4C,55,5.19605366724994,5.647757880708702,-5.19605366724994
RF_full_150,B0054,4C,101,11.015896229751625,11.696971696601384,10.844722015400864
RF_full_150,B0055,4C,101,3.98304321905,5.7543694266915395,-1.5040189474674486
RF_full_150,B0056,4C,101,6.166723864974592,6.896416596935322,-6.166723864974592
