repo_path,extension,size_bytes,sha256,role
deployment/esp32_c6/canonical_deployment/final_online_rf20x7/D1B_hardware_results_template.csv,.csv,578,257290cc92265c02013a192c94e01c0161a056dca883b043dadd47e4ee78091d,canonical_final_online_deployment
deployment/esp32_c6/canonical_deployment/final_online_rf20x7/README_D1B_DEVICE_RUN.txt,.txt,3061,f5a4fe32e763baafca052490a9423637ddd418293182a8c52e116d9bef67ffeb,canonical_final_online_deployment
deployment/esp32_c6/canonical_deployment/final_online_rf20x7/arduino_final_device_tests/01_matched_baseline/01_matched_baseline.ino,.ino,750,4cab103868b3de641ab3791f834b49fa15bd366dbf66bf6a69767a7a932f4b72,canonical_final_online_deployment
deployment/esp32_c6/canonical_deployment/final_online_rf20x7/arduino_final_device_tests/02_final_model_inference/02_final_model_inference.ino,.ino,2691,20adfdeddfb6f5bd409868a8d08bb6cf727e3b2994fd6a316941fba6eabbb048,canonical_final_online_deployment
deployment/esp32_c6/canonical_deployment/final_online_rf20x7/arduino_final_device_tests/02_final_model_inference/final_online_rf20x7_model.h,.h,164622,e7720cf63f0056c34dbede64db8b1716552633437edcae2bda3a21a6ab250977,canonical_final_online_deployment
deployment/esp32_c6/canonical_deployment/final_online_rf20x7/arduino_final_device_tests/03_final_online_end_to_end_parity/03_final_online_end_to_end_parity.ino,.ino,5437,e229dd35a8315d474e8f44f7fcdbdce3f96d85e57258f5a377b33844c9d32c72,canonical_final_online_deployment
deployment/esp32_c6/canonical_deployment/final_online_rf20x7/arduino_final_device_tests/03_final_online_end_to_end_parity/final_online_feature_extractor.h,.h,4018,ef9550d4f191c96dbddeb3b97b9d5b07c91741d16551384297061aa5c13be43f,canonical_final_online_deployment
deployment/esp32_c6/canonical_deployment/final_online_rf20x7/arduino_final_device_tests/03_final_online_end_to_end_parity/final_online_raw_parity_vectors.h,.h,21503,0fce20a197218ba0454082e08ea7ff88595de3df9e34e5b1d6e06a6f8fe0354d,canonical_final_online_deployment
deployment/esp32_c6/canonical_deployment/final_online_rf20x7/feature_order.csv,.csv,654,91981ac596a0a0b0f7354af9db98ee0993924cfed33c3352ecf164f0286a9851,canonical_final_online_deployment
deployment/esp32_c6/canonical_deployment/final_online_rf20x7/final_online_artifact_hashes.csv,.csv,1856,78fb82aa00348cb05e0b927b34e23aba9312873219d25934195aa12585d3d1d6,canonical_final_online_deployment
deployment/esp32_c6/canonical_deployment/final_online_rf20x7/final_online_deployment_metadata.json,.json,2218,b05e76283ea8319c2dc08e1b93a659e77ca14df96fee8207b98deffeb8b63907,canonical_final_online_deployment
deployment/esp32_c6/canonical_deployment/final_online_rf20x7/final_online_model_parity_vectors.h,.h,11848,cee0dc9f9259bfc8af94ba76b1f2e52dd581ac7c660b2459d00892067ceeff16,canonical_final_online_deployment
deployment/esp32_c6/canonical_deployment/final_online_rf20x7/final_online_training_features.npz,.npz,335296,1faf11802ab082e470b26257c8e34a9eb33c50a70ebea8ff385c4043e2f30acd,canonical_final_online_deployment
deployment/esp32_c6/canonical_deployment/final_online_rf20x7/final_online_training_manifest.csv,.csv,356337,f177295b5c20b9ec1246e5f40d3652f0eb86bc42bbae169d03781758e2e74f40,canonical_final_online_deployment
deployment/esp32_c6/canonical_deployment/final_online_rf20x7/imputer_medians.csv,.csv,1514,fdb4a1fe61787a19623aee01d43bf8d18241fefa150b1a88c5b80495d03d6f17,canonical_final_online_deployment
deployment/esp32_c6/canonical_deployment/final_online_rf20x7/online_model_parity_manifest.csv,.csv,3516,af72ecafc57f7349d0dccf038e9389c862e504a90a16fdea93ebc91fb24773b4,canonical_final_online_deployment
deployment/esp32_c6/canonical_deployment/final_online_rf20x7/online_model_parity_vectors.csv,.csv,10178,62ce0c43c96fd26822292cbc2d910f0e1a4cb01711615658330681bf57cf2d14,canonical_final_online_deployment
deployment/esp32_c6/supporting_hardware_evidence/532bee393d95/build_identity_unique_candidates.csv,.csv,58,532bee393d9584b3413bec5a4cdd94e90a8b23efa4339e47c353a7f0c85738aa,supporting_hardware_evidence
deployment/esp32_c6/supporting_hardware_evidence/5b84b4c79c93/hardware_summary_recalculated.csv,.csv,3257,5b84b4c79c9371f3c020bcae2919569a3c813c144ee4fff45e4809bf30ee3769,supporting_hardware_evidence
deployment/esp32_c6/supporting_hardware_evidence/60477bf965aa/F6_build_identity_checklist.csv,.csv,565,60477bf965aaa611d514ec2f94a577747285f0489da4f38f2a339e302a657eea,supporting_hardware_evidence
deployment/esp32_c6/supporting_hardware_evidence/81ceec37ef21/01_matched_baseline_compile_and_serial.txt,.txt,785,81ceec37ef212dae1b33645079af86bbd68c2062505d81565ca8683c729c29b7,supporting_hardware_evidence
deployment/esp32_c6/supporting_hardware_evidence/da4dea895fb3/03_final_end_to_end_parity_compile_and_serial.txt,.txt,3228,da4dea895fb30a474ff471139a1dbbf386699e48b69caa62c9809b5852491c3a,supporting_hardware_evidence
deployment/esp32_c6/supporting_hardware_evidence/e1a8142a43c2/F6_build_identity_resolved_v3.csv,.csv,538,e1a8142a43c2f463ca17f9e5d666c95c46f10fa6318d0009a1befcdc3deac205,supporting_hardware_evidence
deployment/esp32_c6/supporting_hardware_evidence/e1d90208829b/02_final_model_inference_compile_and_serial.txt,.txt,905,e1d90208829bd01c8bf91b149192cf482292e0d98e6424b1c01454321f0e22a1,supporting_hardware_evidence
deployment/esp32_c6/supporting_hardware_evidence/f01a374e9c81/build_identity_evidence_candidates.csv,.csv,5,f01a374e9c81e3db89b3a42940c4d6a5447684986a1296e42bf13f196eed6295,supporting_hardware_evidence
