field,resolved_value,status,evidence_file
mcu,ESP32-C6FH4 QFN32 rev 0.2,known_frozen_record,
cpu_frequency,160 MHz,known_frozen_record,
crystal,40 MHz,known_frozen_record,
esp32_core_version,3.3.5,known_frozen_record,
board_profile,ESP32C6 Dev Module,known_frozen_record,
usb_cdc,Enabled,known_frozen_record,
usb_mode,Hardware CDC/JTAG,known_frozen_record,
arduino_ide_version,,not_found,
arduino_cli_version,,not_found,
compiler_version,,not_found,
fqbn,,not_found,
optimization,,not_found,
partition_scheme,,not_found,
