duration_s,model,test_battery,test_cycles,battery_mae_pp
10,RF_full_150,B0005,168,6.304924534522754
10,RF_full_150,B0006,168,7.856180378688989
10,RF_full_150,B0007,168,3.4283687746764335
10,RF_full_150,B0018,132,9.114582826020081
10,RF_full_150,B0025,28,1.4910290428049027
10,RF_full_150,B0026,27,1.155671087418193
10,RF_full_150,B0027,28,12.911692125213252
10,RF_full_150,B0028,28,8.283243712994825
10,RF_full_150,B0029,40,3.0310514277082774
10,RF_full_150,B0030,40,3.346378928067621
10,RF_full_150,B0031,40,2.0941753624587376
10,RF_full_150,B0032,40,4.078576710178136
10,RF_full_150,B0033,184,8.111042815007435
10,RF_full_150,B0034,195,7.7234741429387554
10,RF_full_150,B0036,195,2.8721813305548554
10,RF_full_150,B0038,47,5.371703922573826
10,RF_full_150,B0039,35,2.905703220717013
10,RF_full_150,B0040,46,8.075211844368049
10,RF_full_150,B0041,25,7.745155404231467
10,RF_full_150,B0042,65,4.29477106365057
10,RF_full_150,B0043,65,2.2903696020085946
10,RF_full_150,B0044,65,5.1692747330737525
10,RF_full_150,B0045,70,18.404603624354834
10,RF_full_150,B0046,69,6.379443530692797
10,RF_full_150,B0047,69,2.9587529706499964
10,RF_full_150,B0048,69,2.0840734886245196
10,RF_full_150,B0049,22,12.332961971524833
10,RF_full_150,B0050,10,18.997200691602178
10,RF_full_150,B0051,22,18.98438919840077
10,RF_full_150,B0052,3,21.475010443493108
10,RF_full_150,B0053,55,5.303602295892384
10,RF_full_150,B0054,101,10.820938970801777
10,RF_full_150,B0055,101,3.9871744654300194
10,RF_full_150,B0056,101,5.495458573791361
10,RF_20x7_arch_retrained,B0005,168,4.939601073699311
10,RF_20x7_arch_retrained,B0006,168,7.51138829079986
10,RF_20x7_arch_retrained,B0007,168,3.623493724637789
10,RF_20x7_arch_retrained,B0018,132,6.775982483870852
10,RF_20x7_arch_retrained,B0025,28,2.2152534394921517
10,RF_20x7_arch_retrained,B0026,27,0.8721832200888175
10,RF_20x7_arch_retrained,B0027,28,12.266581323650668
10,RF_20x7_arch_retrained,B0028,28,11.26148782097368
10,RF_20x7_arch_retrained,B0029,40,3.765293136367943
10,RF_20x7_arch_retrained,B0030,40,3.978838879632306
10,RF_20x7_arch_retrained,B0031,40,2.1190478432663897
10,RF_20x7_arch_retrained,B0032,40,3.7696506372760963
10,RF_20x7_arch_retrained,B0033,184,7.892301635605996
10,RF_20x7_arch_retrained,B0034,195,6.780568229183334
10,RF_20x7_arch_retrained,B0036,195,2.5336045288358457
10,RF_20x7_arch_retrained,B0038,47,5.650709304873648
10,RF_20x7_arch_retrained,B0039,35,2.254106744454019
10,RF_20x7_arch_retrained,B0040,46,8.51969829919287
10,RF_20x7_arch_retrained,B0041,25,6.2496377731963175
10,RF_20x7_arch_retrained,B0042,65,4.556015991592255
10,RF_20x7_arch_retrained,B0043,65,2.6244770948961262
10,RF_20x7_arch_retrained,B0044,65,3.9330562967496547
10,RF_20x7_arch_retrained,B0045,70,18.94898810751419
10,RF_20x7_arch_retrained,B0046,69,7.190846011710713
10,RF_20x7_arch_retrained,B0047,69,2.318974886410752
10,RF_20x7_arch_retrained,B0048,69,2.237229498975154
10,RF_20x7_arch_retrained,B0049,22,12.321993586994639
10,RF_20x7_arch_retrained,B0050,10,19.598209406863546
10,RF_20x7_arch_retrained,B0051,22,16.487469416416335
10,RF_20x7_arch_retrained,B0052,3,20.75775886208898
10,RF_20x7_arch_retrained,B0053,55,5.589873857329798
10,RF_20x7_arch_retrained,B0054,101,9.494636766795988
10,RF_20x7_arch_retrained,B0055,101,4.003019732832467
10,RF_20x7_arch_retrained,B0056,101,8.236143974215727
300,RF_full_150,B0005,168,4.501445303820757
300,RF_full_150,B0006,168,5.847118846516549
300,RF_full_150,B0007,168,2.826594800626578
300,RF_full_150,B0018,132,5.728373050398637
300,RF_full_150,B0025,28,2.0014193640198497
300,RF_full_150,B0026,27,1.1268780853896914
300,RF_full_150,B0027,28,7.1958978694874896
300,RF_full_150,B0028,28,4.332405986402462
300,RF_full_150,B0029,40,2.2965493421035585
300,RF_full_150,B0030,40,2.466757003742635
300,RF_full_150,B0031,40,3.4994306843942766
300,RF_full_150,B0032,40,5.920988554535604
300,RF_full_150,B0033,184,6.204975389576683
300,RF_full_150,B0034,195,5.24145767128839
300,RF_full_150,B0036,195,3.5082572386409954
300,RF_full_150,B0038,47,5.064612346448163
300,RF_full_150,B0039,35,2.4547732687151007
300,RF_full_150,B0040,46,8.938550699447362
300,RF_full_150,B0041,25,5.227584347835955
300,RF_full_150,B0042,65,4.696223354345138
300,RF_full_150,B0043,65,2.897457130965113
300,RF_full_150,B0044,65,6.313021433883188
300,RF_full_150,B0045,70,12.581965089985045
300,RF_full_150,B0046,69,1.71267566853018
300,RF_full_150,B0047,69,3.2717771792989807
300,RF_full_150,B0048,69,2.0500696880267406
300,RF_full_150,B0049,22,12.39264444808061
300,RF_full_150,B0050,10,19.921087496434133
300,RF_full_150,B0051,22,17.708596487265154
300,RF_full_150,B0052,3,11.607056227326623
300,RF_full_150,B0053,55,4.197175496797013
300,RF_full_150,B0054,101,10.852658148734086
300,RF_full_150,B0055,101,5.067645529821541
300,RF_full_150,B0056,101,7.207902558515381
300,RF_20x7_arch_retrained,B0005,168,4.389291384464386
300,RF_20x7_arch_retrained,B0006,168,7.02543157354929
300,RF_20x7_arch_retrained,B0007,168,2.702926560691818
300,RF_20x7_arch_retrained,B0018,132,5.975900445930796
300,RF_20x7_arch_retrained,B0025,28,1.7052232825337243
300,RF_20x7_arch_retrained,B0026,27,1.0867139603145768
300,RF_20x7_arch_retrained,B0027,28,10.146792091673664
300,RF_20x7_arch_retrained,B0028,28,4.23617981422162
300,RF_20x7_arch_retrained,B0029,40,2.3270326663100454
300,RF_20x7_arch_retrained,B0030,40,2.8667314242058333
300,RF_20x7_arch_retrained,B0031,40,1.9034097554214395
300,RF_20x7_arch_retrained,B0032,40,5.6149244498749
300,RF_20x7_arch_retrained,B0033,184,6.032524613637883
300,RF_20x7_arch_retrained,B0034,195,3.7263299050251124
300,RF_20x7_arch_retrained,B0036,195,3.784762062920009
300,RF_20x7_arch_retrained,B0038,47,5.743559643793646
300,RF_20x7_arch_retrained,B0039,35,2.588204059479066
300,RF_20x7_arch_retrained,B0040,46,8.933074538989874
300,RF_20x7_arch_retrained,B0041,25,5.080608261179557
300,RF_20x7_arch_retrained,B0042,65,5.453740211696422
300,RF_20x7_arch_retrained,B0043,65,3.7238620497299415
300,RF_20x7_arch_retrained,B0044,65,6.05627324079628
300,RF_20x7_arch_retrained,B0045,70,15.023382315841932
300,RF_20x7_arch_retrained,B0046,69,1.8663217565351875
300,RF_20x7_arch_retrained,B0047,69,3.179907441883079
300,RF_20x7_arch_retrained,B0048,69,2.243003102535008
300,RF_20x7_arch_retrained,B0049,22,13.051847910739836
300,RF_20x7_arch_retrained,B0050,10,19.508458507912344
300,RF_20x7_arch_retrained,B0051,22,17.264201812751605
300,RF_20x7_arch_retrained,B0052,3,16.631966358449716
300,RF_20x7_arch_retrained,B0053,55,4.453688081755944
300,RF_20x7_arch_retrained,B0054,101,8.930096565778893
300,RF_20x7_arch_retrained,B0055,101,4.924050745369665
300,RF_20x7_arch_retrained,B0056,101,8.619155258904202
