paper_id,year,first_author,venue,title,A_partial_short,B_unseen_battery,C_condition_shift,D_embedded_mcu,observation,fixed_seconds,raw_VIT_only,validation,strict_all_battery_LOBO,condition_family_holdout,target_condition_adaptation,actual_mcu,mcu_platform,resource_metrics,direct_relevance,key_difference
Ng_2014,2014,Ng,Applied Energy,A naive Bayes model for robust remaining useful life prediction of lithium-ion battery,NO,YES,PARTIAL,NO,Historical full-charge capacity trajectory across cycles,NO,NO,Condition-stratified battery jackknife,NO,NO,NO,NO,,,B/C,Primary target is RUL; uses capacity history; same-condition batteries remain in training.
Ozkurt_2016,2016,Ozkurt,Applied Energy,Integration of sampling based battery state of health estimation method in electric vehicles,NO,NO,NO,PARTIAL,Controlled cell-level SoH test with physical cell selection,NO,NO,System-level prototype + accelerated aging,NO,NO,NO,"YES (control/orchestration, not estimator inference)",Prototype microcontroller (model not reported),No estimator Flash/RAM/latency benchmark,D historical,MCU controls relays/test routing; estimator itself is not benchmarked as embedded inference.
Chen_2018,2018,Chen,IEEE VPPC,Partial-discharge SOH estimation using fixed-size LS-SVM,YES,NE,NO,NO,Selected constant-current discharge voltage interval,NO,NO,Partial-discharge regression,NO,NO,NO,NO,,Fixed-size LS-SVM / 10 support vectors,A,"Partial voltage interval, not fixed 10-s causal V/I/T; strict unseen-battery split not established."
Crocioni_2020,2020,Crocioni,IEEE Access,Li-Ion Batteries Parameter Estimation With Tiny Neural Networks Embedded on Intelligent IoT Microcontrollers,YES,YES,PARTIAL,YES,20 time steps × voltage/current/temperature/time-difference,NO,YES (+Δt),Battery-disjoint test set,NO,NO,NO,YES,STM32 Cortex-M family,RAM/Flash + on-board latency + model conversion parity,A/B/D,No fixed-second observation and no strict every-battery LOBO; condition families are not systematically held out.
Bavand_2022,2022,Bavand,IEEE Transactions on Transportation Electrification,Online Estimations of Li-Ion Battery SOC and SOH Applicable to Partial Charge/Discharge,YES,NO,PARTIAL,NO,Two consecutive partial intervals; model-based ECM/OCV,NO,NO,Partial charge/discharge intervals,NO,NO,NO,NO,,,A,"Observation durations are hundreds to thousands of seconds; 10 s in paper is computation time, not observation."
Ezemobi_2022,2022,Ezemobi,Energies,State of Health Estimation of Lithium-Ion Batteries in Electric Vehicles under Dynamic Load Conditions,YES,PARTIAL,PARTIAL,YES,40-s fixed buffer,YES (40 s),NO,Dynamic/constant/step load + separate new-cell test,NO,NO,PARTIAL,YES (PIL),TI F28379D,8.34 µs model execution; memory qualitative,A/B/C/D,5-class SOH classification; SOC/SOE-derived features; 40-s window; no strict all-cell LOBO.
Yang_2022,2022,Yang,Journal of Energy Storage,Robust SOH estimation based on CNN and random forest using partial discharge information,YES,NO,NO,NO,Partial depth-of-discharge voltage segments,NO,NO,Train/validation/test + 5-fold,NO,NO,NO,NO,,Desktop timing only,A,"Partial DoD, not fixed causal seconds; fixed 30°C / 4C condition."
Liu_2023,2023,Liu,eTransportation,Online health prognosis for lithium-ion batteries under dynamic discharge conditions over wide temperature range,NO,PARTIAL,YES,NO,Entire dynamic discharge interval,NO,NO,Unknown load-profile conditions + unseen battery test,NO,PARTIAL,NO,NO,,,C,"Unknown dynamic profiles are tested, but full-discharge feature extraction is required; temperature family is not fully unseen."
Giazitzis_2024,2024,Giazitzis,IEEE MELECON,Tiny Machine Learning for Li-ion Battery State of Health Estimation,YES,YES,NO,YES,1900-s charging window; ICA / ICA+voltage,YES (1900 s),NO,"Cells 1–5 train, Cell 6 test",NO,NO,NO,YES,Infineon PSoC 6,Model bytes + scratch memory + CPU cycles + on-target accuracy,A/B/D,Observation is 1900 s and ICA-based; only one test cell; no condition-family OOD.
Tan_2024,2024,Tan,Journal of The Electrochemical Society,Fusion State-of-Health Estimation of Lithium-Ion Batteries Based on Improved XGBoost Algorithm and Adaptive Kalman Filter,NO,PARTIAL,YES,NO,Charging/IC-derived features + online adaptive filter,NO,NO,Selected cross-cell / discharge-depth / discharge-rate source→target tests,NO,NO,YES (online adaptive update),NO,,,B/C,Selected source-target tests; IC and cycle index used; online adaptive fusion.
Alamin_2025,2025,Alamin,IEEE ICECS,Enhancing Intelligent Battery Management on Automotive Microcontrollers Using LightGBM,YES,NE,PARTIAL,YES,Variable 10–75 sample windows; engineered V/I/T/time features incl. Q and dV/dQ,NO,NO,Variable-window tests on NASA datasets,NO,NO,NO,YES,ST SPC58EC80E5 automotive MCU,0.403 ms feature+LightGBM; energy/inference; RAM/Flash percentages,A/D,10 samples ≠ 10 s; strict battery-disjoint test not established from paper text.
Chen_2025,2025,Chen,ICRMS,Prediction of Lithium-Ion Battery Health Degradation across Operating Conditions Based on Gaussian Process Regression with Composite Kernel Function,NO,YES,YES,NO,Charging-condition descriptor + cycle count,NO,NO,Battery-level LOOCV,YES (battery-level LOOCV on its cohort),NO,NO,NO,,,B/C,Condition descriptor and cycle count are explicit model inputs; no short causal sensor window.
Du_2025,2025,Du,IEEE Transactions on Instrumentation and Measurement,Series-Connected Lithium-Ion Battery Packs’ Self-Adaptive SOH Estimation via Inconsistency Representation Optimization,NO,PARTIAL,YES,PARTIAL,Discharge start/end voltages + pack inconsistency history,NO,NO,Source pack → other packs under different rates,NO,PARTIAL,YES,NO,,Algorithmic parameter/FLOP/test-time reporting,C/D,Uses target-condition HI/rate information and explicit adaptation; no physical MCU.
Fiorentis_2025,2025,Fiorentis,ATEE,Classification Method Based on Thevenin Model And Partial Discharge Voltage Profiles for Battery SOH Estimation,YES,PARTIAL,NO,NO,15-min partial discharge,YES (900 s),NO,NASA + external Samsung cells,NO,NO,NO,NO,,,A/B,900-s partial window; external-cell validation but no strict LOBO.
Giazitzis_EIS_2025,2025,Giazitzis,Journal of Power Sources,TinyML models for SoH estimation of lithium-ion batteries based on Electrochemical Impedance Spectroscopy,PARTIAL,YES,NO,PARTIAL,EIS frequency + real/imaginary impedance,NO,NO,"Cells 1,2,3,5 train; Cell 4 test",NO,NO,NO,NO,MCU-ready TFLite artifact only,90–310 kB; host CPU latency 0.4–5.85 ms,B/D,Special EIS acquisition; TinyML conversion but no physical MCU SOH inference.
Giazitzis_2026,2026,Giazitzis,Journal of Energy Storage,Embedded strategy for battery module states estimation using tiny machine learning models,YES,YES,PARTIAL,PARTIAL,Variable-length partial charge 3.6–3.9 V; ICA / ICA+voltage,NO,NO,Training cells → unseen Cell 7,NO,NO,NO,NO (ready-to-deploy C code; offline evaluation),Infineon BMS integration proposed,3.4 kB projected SOH model; 1.607 ms latency measured on RTX 3060,A/B/D,Variable-length ICA partial charge; C-ready but no physical MCU SOH benchmark or module-level validation.
Huang_2026,2026,Huang,Journal of The Electrochemical Society,Multi-Dimensional Feature Fusion Framework for Robust Lithium-Ion Battery State of Health Estimation Using Partial Voltage Segments,YES,YES,NO,NO,Partial voltage segment with Qd / dQ / dQdV feature fusion,NO,NO,Cell-level leave-one-out,YES (on its 7-cell cohort),NO,NO,NO,,GPU/desktop timing,A/B,Partial voltage/capacity-derived representation; fixed 30°C / 4C; no physical MCU.
Lu_2026,2026,Lu,Applied Sciences,Lightweight State of Health Estimation for Lithium-Ion Batteries Based on Hybrid PSO-NM Algorithm and Event-Triggered Adaptive Closed-Loop Correction,YES,NO,NO,PARTIAL,3.8→3.4 V discharge time + ΔT; multi-cycle history,NO,NO,"First 70% of each same battery for calibration, last 30% test",NO,NO,YES (same-cell historical calibration / closed-loop correction),NO,ARM Cortex-M4 suitability discussed,~0.1045 ms host/algorithm latency; ~4.08 kB peak memory,A/D,Same-battery history is required; no physical MCU execution.
Salem_2026,2026,Salem,Energy Reports,Short-term discharge-based state of health estimation of lithium-ion batteries,YES,NO,NO,NO,First 30 / 20 / 10 min discharge,YES (600 s minimum),YES (partial-window operational signals),Chronological cycle split,NO,NO,NO,NO,,Host resource analysis,A,Shortest window 600 s; strict cell-level holdout not demonstrated.
Wang_2026,2026,Wang,Engineering Applications of Artificial Intelligence,A linear-complexity deep learning framework for efficient battery State of Health estimation in resource-constrained systems,YES,YES,NO,YES,Dataset-specific partial voltage-time integral features,NO,NO,Reference cell → unseen cells without target tuning,NO,NO,NO,YES (HIL),TI Cortex-M4,40.92 kB model; PC↔MCU discrepancy <0.3%; MCU latency not reported,A/B/D,"Unseen-cell HIL deployment exists, but no fixed 10-s sensor window, strict all-cell LOBO, or condition OOD."
BATWO_2026,2026,Yang,Batteries,BATWO: Bayesian Adaptive Time Window Optimization for Feature Extraction in SOH Estimation of Li-Ion Batteries Under Dynamic Operating Conditions,YES,NO,PARTIAL,NO,Condition-specific adaptive voltage time windows,YES (but adaptive per condition),NO,First 80% cycles train / last 20% test on same cells,NO,NO,YES (condition-specific optimization),NO,,Lightweight ElasticNet; no physical MCU,A/C,"Optimal windows 500–27,630 s; same-cell chronological split; condition-specific window optimization."
OURS,2026,This work,Target manuscript,"Fixed 10-s causal V/I/T SOH estimation with strict LOBO, condition OOD and ESP32-C6 deployment",YES — fixed nominal 10 s causal,YES — strict 34-battery LOBO,YES — adaptation-free family holdout + matched penalty,YES — physical ESP32-C6,Active discharge → 5 s stabilization → nominal 10 s V/I/T → decision,YES (10 s nominal),YES,Strict LOBO + matched condition-OOD tests,YES,YES,NO,YES,ESP32-C6,63.3125 KiB incremental Flash; RF 62.302 µs; feature+RF 584.141 µs; 792/792 feature parity,A/B/C/D,Joint evaluation of all four axes under one frozen protocol.
