path,bytes,sha256
.gitignore,112,f933f82c7619f59b98ac078dc633cfad95baaad94e6bf319b497cf044f1969dd
CITATION.cff,663,da68aea7f65dec431374217ec8982d430bf3ac4469f22cbcd7b40eb13003d2df
LICENSE,1091,c138e4120637a2eb0a144a6a09ad2d0f186eea4a7cef76a78f431f22df38edf0
LICENSE-CONTENT.md,795,ef6add62ed32241f94ee5856eaef5a17609e9144038d7b1713e8877e528490ab
README.md,3489,d91bdf83c24dae5d943b47d8bdba437bdcb8713148687eaa094523175325ee37
RELEASE_NOTES.md,825,efd33f05994ad6d288988e34fe855f036af0fb4a12517b52adb18a4d7be23426
REPRODUCE.md,1498,c55b9fc0165292d3373d7aeb875ec4d870fc325b7a6e74bf3d4b9277144e7db0
deployment/README.md,1219,1499101d855e595acf0686d311679aac3c204478c21ac73c38a799ae536c1263
deployment/esp32_c6/canonical_deployment/final_online_rf20x7/D1B_hardware_results_template.csv,578,257290cc92265c02013a192c94e01c0161a056dca883b043dadd47e4ee78091d
deployment/esp32_c6/canonical_deployment/final_online_rf20x7/README_D1B_DEVICE_RUN.txt,3061,f5a4fe32e763baafca052490a9423637ddd418293182a8c52e116d9bef67ffeb
deployment/esp32_c6/canonical_deployment/final_online_rf20x7/arduino_final_device_tests/01_matched_baseline/01_matched_baseline.ino,750,4cab103868b3de641ab3791f834b49fa15bd366dbf66bf6a69767a7a932f4b72
deployment/esp32_c6/canonical_deployment/final_online_rf20x7/arduino_final_device_tests/02_final_model_inference/02_final_model_inference.ino,2691,20adfdeddfb6f5bd409868a8d08bb6cf727e3b2994fd6a316941fba6eabbb048
deployment/esp32_c6/canonical_deployment/final_online_rf20x7/arduino_final_device_tests/02_final_model_inference/final_online_rf20x7_model.h,164622,e7720cf63f0056c34dbede64db8b1716552633437edcae2bda3a21a6ab250977
deployment/esp32_c6/canonical_deployment/final_online_rf20x7/arduino_final_device_tests/03_final_online_end_to_end_parity/03_final_online_end_to_end_parity.ino,5437,e229dd35a8315d474e8f44f7fcdbdce3f96d85e57258f5a377b33844c9d32c72
deployment/esp32_c6/canonical_deployment/final_online_rf20x7/arduino_final_device_tests/03_final_online_end_to_end_parity/final_online_feature_extractor.h,4018,ef9550d4f191c96dbddeb3b97b9d5b07c91741d16551384297061aa5c13be43f
deployment/esp32_c6/canonical_deployment/final_online_rf20x7/arduino_final_device_tests/03_final_online_end_to_end_parity/final_online_raw_parity_vectors.h,21503,0fce20a197218ba0454082e08ea7ff88595de3df9e34e5b1d6e06a6f8fe0354d
deployment/esp32_c6/canonical_deployment/final_online_rf20x7/feature_order.csv,654,91981ac596a0a0b0f7354af9db98ee0993924cfed33c3352ecf164f0286a9851
deployment/esp32_c6/canonical_deployment/final_online_rf20x7/final_online_artifact_hashes.csv,1856,78fb82aa00348cb05e0b927b34e23aba9312873219d25934195aa12585d3d1d6
deployment/esp32_c6/canonical_deployment/final_online_rf20x7/final_online_deployment_metadata.json,2218,b05e76283ea8319c2dc08e1b93a659e77ca14df96fee8207b98deffeb8b63907
deployment/esp32_c6/canonical_deployment/final_online_rf20x7/final_online_model_parity_vectors.h,11848,cee0dc9f9259bfc8af94ba76b1f2e52dd581ac7c660b2459d00892067ceeff16
deployment/esp32_c6/canonical_deployment/final_online_rf20x7/final_online_training_features.npz,335296,1faf11802ab082e470b26257c8e34a9eb33c50a70ebea8ff385c4043e2f30acd
deployment/esp32_c6/canonical_deployment/final_online_rf20x7/final_online_training_manifest.csv,356337,f177295b5c20b9ec1246e5f40d3652f0eb86bc42bbae169d03781758e2e74f40
deployment/esp32_c6/canonical_deployment/final_online_rf20x7/imputer_medians.csv,1514,fdb4a1fe61787a19623aee01d43bf8d18241fefa150b1a88c5b80495d03d6f17
deployment/esp32_c6/canonical_deployment/final_online_rf20x7/online_model_parity_manifest.csv,3516,af72ecafc57f7349d0dccf038e9389c862e504a90a16fdea93ebc91fb24773b4
deployment/esp32_c6/canonical_deployment/final_online_rf20x7/online_model_parity_vectors.csv,10178,62ce0c43c96fd26822292cbc2d910f0e1a4cb01711615658330681bf57cf2d14
deployment/esp32_c6/supporting_hardware_evidence/532bee393d95/build_identity_unique_candidates.csv,58,532bee393d9584b3413bec5a4cdd94e90a8b23efa4339e47c353a7f0c85738aa
deployment/esp32_c6/supporting_hardware_evidence/5b84b4c79c93/hardware_summary_recalculated.csv,3257,5b84b4c79c9371f3c020bcae2919569a3c813c144ee4fff45e4809bf30ee3769
deployment/esp32_c6/supporting_hardware_evidence/60477bf965aa/F6_build_identity_checklist.csv,565,60477bf965aaa611d514ec2f94a577747285f0489da4f38f2a339e302a657eea
deployment/esp32_c6/supporting_hardware_evidence/81ceec37ef21/01_matched_baseline_compile_and_serial.txt,785,81ceec37ef212dae1b33645079af86bbd68c2062505d81565ca8683c729c29b7
deployment/esp32_c6/supporting_hardware_evidence/da4dea895fb3/03_final_end_to_end_parity_compile_and_serial.txt,3228,da4dea895fb30a474ff471139a1dbbf386699e48b69caa62c9809b5852491c3a
deployment/esp32_c6/supporting_hardware_evidence/e1a8142a43c2/F6_build_identity_resolved_v3.csv,538,e1a8142a43c2f463ca17f9e5d666c95c46f10fa6318d0009a1befcdc3deac205
deployment/esp32_c6/supporting_hardware_evidence/e1d90208829b/02_final_model_inference_compile_and_serial.txt,905,e1d90208829bd01c8bf91b149192cf482292e0d98e6424b1c01454321f0e22a1
deployment/esp32_c6/supporting_hardware_evidence/f01a374e9c81/build_identity_evidence_candidates.csv,5,f01a374e9c81e3db89b3a42940c4d6a5447684986a1296e42bf13f196eed6295
deployment/inventory/FINAL_DEPLOYMENT_ARTIFACT_COVERAGE.csv,1905,98370ff2974361d047fadb68ee7d70716ad2c776181fbf5a5b3372623460a650
deployment/inventory/FINAL_DEPLOYMENT_INVENTORY.csv,5457,9d4a598b903641c68604d28c8e65c097aff0e1bfd976c538fbb2c6744f30dd9d
figures/manuscript_v3/Figure_1_end_to_end_pipeline_V3.pdf,18231,5c0a9a54f206f9dfabbd09ab41a822e264f588c2bdccc577b2a52ac622fa8ba0
figures/manuscript_v3/Figure_1_end_to_end_pipeline_V3.png,107825,f6d192499e55d352b38d3d18023d086f92f7039cbc9ea5a29810573906006aec
figures/manuscript_v3/Figure_2_causal_10s_vs_300s_V3.pdf,16168,a4e1d8e47864631b571db370696af4884c090b02455aa72acf1cdcb2bc5ad7c8
figures/manuscript_v3/Figure_2_causal_10s_vs_300s_V3.png,95594,a3a8749112c48b8730413b315daa13a469a589a3c7dbe0e07ce0f3ee57f06393
figures/manuscript_v3/Figure_3_OOD_penalties_V3.pdf,16701,b66967334ea2532f7ef0167a65aa8a6dbcd7a0fb04e4e4eebac3cc0f018aad7c
figures/manuscript_v3/Figure_3_OOD_penalties_V3.png,91086,b4292f35649847a8d5dd559f7dec63540f3ffc6c12e79a6f339fb83e415952c7
figures/manuscript_v3/Figure_4_per_battery_online10s_errors_V3.pdf,18265,9bafb9038f17d2455cc4470c7c388cf63846e7f20161d6719e17f76c7e34bc17
figures/manuscript_v3/Figure_4_per_battery_online10s_errors_V3.png,113361,f83937d0f644663cc952c6666628e68c33d5f3665f38848b34193ae7e126cc33
figures/manuscript_v3/Figure_5_seed_stability_V3.pdf,15931,c9b02ef4006db58b7811e3fdd01f9551fbed46ba50dd8784643d9f65105b080a
figures/manuscript_v3/Figure_5_seed_stability_V3.png,146307,ce07126ef12454fa92403a4f53b54bbdf9b9dd03c366cc08e53426691125e1de
literature/P07_CORE_LITERATURE_MATRIX.csv,10137,99072a65541ac967bfc5681cf08805ef44e1fc3eaae71e530200f376e03f8b0a
literature/P07_LITERATURE_COVERAGE.md,977,5d28e23f14a59ad300c6d3f7f5fc572e2a16dcb329ba3eb7b6e93ddab92dbe2d
literature/P07_SCREENED_STUDY_REGISTRY.csv,5350,d2b1d56bb240a45936bfbdc77ac4eac687013b2e4d4151b10c01b3a5dacf6d08
metadata/LICENSE_POLICY.md,818,7b0ba089149824b76ba34877bb030661a66ee3e03857264ae4448de04f246f08
metadata/P10_PUBLIC_STATUS.json,263,5eb47ca8dad34bcecfb49c249ddf876c888ae1971745ebc0118150761d7d9588
metadata/RELEASE_METADATA.json,915,da1f40b51e0eca731895d847046558f2691ec449febb9c1af9ce2707ea886cb1
metadata/REPOSITORY_METADATA.md,716,a4c5fff900f60dbf32dee02f043881dddb5c2c34e9825a29f62b8833c75c14d0
notebooks/27_F3_canonical_target_environment_contract.ipynb,70042,8edcb2cebedd5bf6b667500e0055cfad71edf3eb87d5256ea390bab16630642d
notebooks/34_F1_F3_final_acceptance_freeze.ipynb,67207,63ea6394d350f0eab10fbc0df4608f5e9009a8d5b7629852a1f9805d5026c710
notebooks/F5_Provenance_v5_clean.ipynb,89580,76df8ad7cdf7d495c9fe70d192b80ba53aca4d71b9727ad81c3b4d43ff31bcbf
release/DUPLICATE_CONTENT_AUDIT.csv,575,690881e027b1827c2caa56e51fa5e219adfc4d097f928703f888ddbedf680877
release/FINAL_FIGURE_AUDIT.csv,1968,8d4864d8603658a02339656a81cf08d3a3dd8110a95463b8f1ba13ded5daf6d5
release/FINAL_PUBLIC_RELEASE_STATUS.json,1098,8c728639b844e8f489b2eee9a2a1e697ce56cdbe6de622f870583d8365d3f11a
release/LOCAL_PATH_SCAN.csv,20,92cb08d61fa769c2e6da45d68d69a69ace5c94e155976d7b1db7222879238690
release/PLACEHOLDER_SCAN.csv,17,4bac67c585a4e5ad2f2778b667feb5f6bb511a12579b9b364f3b3518797092b7
results/frozen_core/f1_temperature_ood/F1_independent_audit_value_sanity.csv,543,7e3724bc5eff84a27c2237551f2cf30b3919a2b5b19e4480402f88bdd72a15a2
results/frozen_core/f1_temperature_ood/F1_temperature_claim_registry_patch.csv,895,969319e0ad59dcc2eeee6b4ad45fe7e0ba65a69a3c5880d09fbe94b77b00834d
results/frozen_core/f1_temperature_ood/F1_temperature_matched_pool_metadata.json,795,0d1b28c932dc3ee6d215c441f6405b2c150672fb8e068bbbf9721ffe359c4d35
results/frozen_core/f1_temperature_ood/temperature_allowed_31_batteries.csv,232,0f83bcd3bf88433cf2d34822a13526426049c201140bc08ae017e085154712d1
results/frozen_core/f1_temperature_ood/temperature_condition_by_battery.csv,5307,04b3693755dfaf45e71f3409e6688cca9100eac6d82eb0092f068f7c59195db1
results/frozen_core/f1_temperature_ood/temperature_condition_cycle_predictions.csv,627991,6886318eb52eab49589b374fe3e574dcbd492ad3ed84d1b881bf53c9c1e0d22e
results/frozen_core/f1_temperature_ood/temperature_condition_fold_train_test_ids.csv,755,db35409df68d023dad7b207edfc3c572f7362ab131ecb37e8c804adaa7ce57ec
results/frozen_core/f1_temperature_ood/temperature_corrected_aggregate.csv,702,47b829ed62971fddc5db1b54f62d60fe6e80d097593532f65207dc987b302e36
results/frozen_core/f1_temperature_ood/temperature_corrected_compact_vs_full_bootstrap.csv,521,926867b9150a1f9249767f9959580927318b4b1d64928d66f158895ae25e6c57
results/frozen_core/f1_temperature_ood/temperature_corrected_paired_by_battery.csv,9991,b4257a32b93147fb7179e124d749f4cd5a42eeaf992d6d06833a344ec3bd8445
results/frozen_core/f1_temperature_ood/temperature_corrected_penalty_bootstrap.csv,523,c0e9d7a4ed16f998974a70ad9626ddf443e8eb9ab34eb83275ea2c22e43397c1
results/frozen_core/f1_temperature_ood/temperature_matched_31cell_lobo_by_battery.csv,5307,844e31ae8c01db3d3163eb60806d044f53f0725da2931afbb22e9ce2614f3c4b
results/frozen_core/f1_temperature_ood/temperature_matched_31cell_lobo_fold_train_test_ids.csv,26696,b5d4e13fee93d5ff0cada3cfe3e8682368855b94dea1db762156ac56fcec2f69
results/frozen_core/f1_temperature_ood/temperature_old_vs_corrected.csv,546,c373e5f0d0f124145a50b219434dc158611f2048a4cf70638a0b910d3efee454
results/frozen_core/f3_canonical_contract/F3_artifact_manifest_sha256.csv,1194,55a85e6f2a7a1d42e3bbac140a759fe15f35657e1c82891a22872231c3d2f1c0
results/frozen_core/f3_canonical_contract/README_CANONICAL_TRAINING_CONTRACT.txt,1069,7c309ae465a8d8abbe00097f3e494af052e50373f436e09519b4de2726de93ca
results/frozen_core/f3_canonical_contract/canonical_float64_seed42_lobo_by_battery.csv,2293,8beb460700a6652d7099dba8af47182b824797393635c5cc6c292cafcbee7258
results/frozen_core/f3_canonical_contract/canonical_float64_tree_exact_match.csv,394,03ac21b221db73b07d5c0e1579357c12052b335e67ae5a2a0e18482411605cc3
results/frozen_core/f3_canonical_contract/canonical_lobo_vs_frozen_comparison.csv,3635,c70c5a07985a2f05060e47c33c62cf374c6243459241db784d2785f312c82867
results/frozen_core/f3_canonical_contract/canonical_training_environment.json,1294,cffbb78d32feea7fa00ece67b35f48a96a9011787c8ba46bb7d3a90a001eae21
results/frozen_core/f3_canonical_contract/environment_repro_exact.yml,277,f8cd7bc3ae454068a1d0278cc16e0d0aaa4a5cd8f006581b77340093dd728ecb
results/frozen_core/f3_canonical_contract/final_online_training_canonical_v2.npz,353429,4472effc044206968c759c3f133d8216efb6dec7abae02074972f15951318962
results/frozen_core/f3_canonical_contract/legacy_float32_target_tree_match.csv,222,e36e7f5e7658faf942e46503cf8d81ce191b10044710f97febe1bd22534c6033
results/frozen_core/f3_canonical_contract/requirements_repro_exact.txt,118,f33ba8c4f2871857cf7393f97e844929caa529150f679cb802228a97aa35317a
results/frozen_core/f3_canonical_contract/rf20x7_parameter_check.csv,198,b46e4f86658d6a255cf4a3a5876863251653a6fc99e54b9d95c5223cbb5bbff3
results/frozen_core/f3_canonical_contract/target_precision_audit.csv,207,0c8135ee99500531290d5c146a7a825daa565be6f22aaeaf64c9d32d7ce3ab5e
results/frozen_core/f5_raw_provenance/future_perturbation_negative_test.csv,1473,04c3e2bca9efe4d8f5bf7eac201098b6c149d9c1eae9060959d2aa747f37c085
results/frozen_core/f5_raw_provenance/online_cycle_raw_provenance_v2.csv,774343,f09573e758649ba112e4ca31623ea2a95f846805bb5f2e93e11c5bd8884c5dc3
results/frozen_core/f5_raw_provenance/raw_battery_file_map.csv,1390,46bbf7107a91802fc066df7a7203cc1ed3b6fe0fac0aa9f4536ddf995c8418f7
results/frozen_core/f5_raw_provenance/raw_discharge_cycle_mapping.csv,204124,b3ed8615d62c4a5e0eb8ef8c8d03614c871d53654d91a4e6a78d208f4df1b0c5
results/frozen_core/f5_raw_provenance/raw_to_44_feature_parity_by_cycle.csv,58021,18e5cbe33a25b8bde43ef353597079cb5a9ddcf0a7e1ede01a781c4aa05a31c7
results/frozen_core/f5_raw_provenance/timing_metadata_sources.csv,291,9dcce609988efb9d226028414bff82340381c68085768afa2529b0416ef9c4ad
results/frozen_core/f7_timing/online_fixed_start_10s_manifest.csv,377842,edf8ee6625fee12931149fec0b7b086ed0f32fc393c6234eb042bdeef5f6dea2
results/frozen_core/f7_timing/online_fixed_start_10s_skipped.csv,5,f01a374e9c81e3db89b3a42940c4d6a5447684986a1296e42bf13f196eed6295
results/frozen_core/f7_timing/online_fixed_start_300s_manifest.csv,396554,4eeadc16ddf5d08615c3be6c81ee0e09d0f5688540c33719dcd38eff683a122d
results/frozen_core/f7_timing/online_fixed_start_300s_skipped.csv,5,f01a374e9c81e3db89b3a42940c4d6a5447684986a1296e42bf13f196eed6295
results/frozen_core/f7_timing/online_fixed_start_lobo_by_battery.csv,6808,8ada3d922a6eccb4007f7ac451cad2cc02f35c8b0f4806d3c8d097a28d43040b
results/frozen_core/f7_timing/online_fixed_start_lobo_summary.csv,441,c53c625fdb443e5f5b34529a81627c2933c23eec45cf0869b4884f3ad752427f
results/frozen_core/f7_timing/online_fixed_start_protocol_diagnostics.csv,528,12605b610b65e8d5bd04041386332d3f607c93eefbcb59b46f7e68c9b45e3e87
results/frozen_core/f7_timing/online_vs_causal_random_10s.csv,237,991260fac903b44989a2ac6e0a851c28d3caa88495c2f2b5acdbb1d482da990e
results/frozen_core/p07_literature/P07_ACCEPTANCE.json,2092,460502ff56b99bf9e7ff2796318bd15ccd14140e743ee27bcd928fa2f2fcc0f9
results/frozen_core/p07_literature/P07_CLAIM_FREEZE.csv,2122,ad66a14437060933037350e7c7ffee0c3fe0037397eb138dd04e8cd847106a6f
results/frozen_core/p07_literature/P07_MASTER_LITERATURE_MATRIX.csv,10137,99072a65541ac967bfc5681cf08805ef44e1fc3eaae71e530200f376e03f8b0a
results/frozen_core/p07_literature/P07_RESEARCH_GAP.md,2559,0496b7e1abf013ca2fc23723773402b99e5da2af4c232b1bd5996e60dd040d33
results/frozen_core/p07_literature/P07_SHA256_MANIFEST.csv,401,54262fec14eda5e1bcf87306ec0b09b19c082e67f891c4d924d7866d7f54a890
results/frozen_core/p08_paper_sync/audit/P08_acceptance.json,918,906e61bb53d3396ad0f9e34ce9d6401a152d0ddb8b80aeffd036a2f44e98d4fd
results/frozen_core/p08_paper_sync/audit/P08_acceptance_checks.csv,389,f0de375ee00a1a4f4ff6a537a03e2d79794a98fa469b23e9720de3739c01c4b9
results/frozen_core/p08_paper_sync/audit/P08_old_vs_V3_publication_layer.csv,653,24b26b250b545ef6f831b6126f786fcb4b2b32c03c89e360b955cfac665b3ecf
results/frozen_core/p08_paper_sync/audit/P08_output_hashes.csv,2959,1da3b9a143925096c5e37d17ce9684bd4ff96bbe3d0c99cc5a5b51bd17dc8656
results/frozen_core/p08_paper_sync/audit/P08_source_hashes.csv,4006,7c4b15289508dd88d496236605961d3b10ba32c6bb6f7f4daba6e015093992bd
results/frozen_core/p08_paper_sync/audit/P08_stale_value_scan.csv,5,f01a374e9c81e3db89b3a42940c4d6a5447684986a1296e42bf13f196eed6295
results/frozen_core/p08_paper_sync/figures/Figure_1_end_to_end_pipeline_V3.pdf,18231,5c0a9a54f206f9dfabbd09ab41a822e264f588c2bdccc577b2a52ac622fa8ba0
results/frozen_core/p08_paper_sync/figures/Figure_1_end_to_end_pipeline_V3.png,107825,f6d192499e55d352b38d3d18023d086f92f7039cbc9ea5a29810573906006aec
results/frozen_core/p08_paper_sync/figures/Figure_2_causal_10s_vs_300s_V3.pdf,16168,a4e1d8e47864631b571db370696af4884c090b02455aa72acf1cdcb2bc5ad7c8
results/frozen_core/p08_paper_sync/figures/Figure_2_causal_10s_vs_300s_V3.png,95594,a3a8749112c48b8730413b315daa13a469a589a3c7dbe0e07ce0f3ee57f06393
results/frozen_core/p08_paper_sync/figures/Figure_3_OOD_penalties_V3.pdf,16701,b66967334ea2532f7ef0167a65aa8a6dbcd7a0fb04e4e4eebac3cc0f018aad7c
results/frozen_core/p08_paper_sync/figures/Figure_3_OOD_penalties_V3.png,91086,b4292f35649847a8d5dd559f7dec63540f3ffc6c12e79a6f339fb83e415952c7
results/frozen_core/p08_paper_sync/figures/Figure_4_per_battery_online10s_errors_V3.pdf,18265,9bafb9038f17d2455cc4470c7c388cf63846e7f20161d6719e17f76c7e34bc17
results/frozen_core/p08_paper_sync/figures/Figure_4_per_battery_online10s_errors_V3.png,113361,f83937d0f644663cc952c6666628e68c33d5f3665f38848b34193ae7e126cc33
results/frozen_core/p08_paper_sync/figures/Figure_5_seed_stability_V3.pdf,15931,c9b02ef4006db58b7811e3fdd01f9551fbed46ba50dd8784643d9f65105b080a
results/frozen_core/p08_paper_sync/figures/Figure_5_seed_stability_V3.png,146307,ce07126ef12454fa92403a4f53b54bbdf9b9dd03c366cc08e53426691125e1de
results/frozen_core/p08_paper_sync/tables/Table_III_embedded_deployment_V3.csv,1022,e22b55631e5d83d6eac4e6d9c79fdcd3e932804fc41fc81d272a66149a42e528
results/frozen_core/p08_paper_sync/tables/Table_III_embedded_deployment_V3.tex,1316,16e112790456f73ad8833898296c62d9f3364bf5267fd2f5488122d2fe76cc9e
results/frozen_core/p08_paper_sync/tables/Table_II_main_online10s_results_V3.csv,541,1a90f644eb72b36e1aa32f337571e61264d726064c9f513409fbfdc8823e95d0
results/frozen_core/p08_paper_sync/tables/Table_II_main_online10s_results_V3.tex,516,e85d112c2cebca92bebf5468e1f92b142bc2994df26a964f58386f6d941e7030
results/frozen_core/p08_paper_sync/tables/Table_IV_cross_condition_OOD_V3.csv,1425,0adb877eeb72b1bca47ce5e8ffb012ffb409af5e2621a248819a0eac9fb28efd
results/frozen_core/p08_paper_sync/tables/Table_IV_cross_condition_OOD_V3.tex,1242,fa337358884197161a51a6ff1c359b2610d6a38685da02cf4a00fe4c46bea2a5
results/frozen_core/p08_paper_sync/tables/Table_I_dataset_and_protocol_V3.csv,1101,0c7db0b4cd58084e0c2abb056220378f96872fef9dd2638e9611d2597e30d8cd
results/frozen_core/p08_paper_sync/tables/Table_I_dataset_and_protocol_V3.tex,1347,a35e6bf331ea7b9aeef949c08ff32c7402f3f4f2a8fb10d97a7a3e77af989972
results/frozen_core/p08_paper_sync/tables/Table_V_sensitivity_uncertainty_V3.csv,877,14ecfd1c72f0cbbbf5d9dbeafde904c0a20835553bfca4dd559fe7cd209d6706
results/frozen_core/p08_paper_sync/tables/Table_V_sensitivity_uncertainty_V3.tex,894,5a1eb00c5e0f9ccb14cf148ec017db18a4abfffc4e308e108fb778b45b538784
results/frozen_core/p08_paper_sync/text/results_paragraph_V3.txt,1890,e45135481e193c9803fd297342c279200606f2941a1f8a74ae56153375f16da6
results/frozen_core/p08_paper_sync/text/wording_constraints_V3.txt,1889,d1cb796680e5c9979b762881bd99f8ef0971dba4b76bdcfee8ab8f6434d57c26
results/frozen_core/step32_f5_acceptance/F5_acceptance_checks.csv,1214,49dfa93e0cf5053aeb3d3f1586921731a0d66fba35ba89fb32e96238f758cecb
results/frozen_core/step32_f5_acceptance/F5_acceptance_checks.json,4527,ae6c1d25f00d9f2cb441e988c8790b0d56c56f3d1edd8186c2135213fcceb842
results/frozen_core/step32_f5_acceptance/F5_acceptance_negative_gate_tests.csv,207,dfa14142efbb09f49f3683ed350317314429640b2bb9ebbd14e9a106b2096ff1
results/frozen_core/step32_f5_acceptance/F5_input_and_code_hashes.csv,1206,a37e9611a97b2584a303ae5ed50e40bee74a005ed79393f6b1b385b267032f11
results/frozen_core/step33_downstream_acceptance/F7_source_contract_negative_tests.csv,153,ee034546399eae9b20ffd9ce9e587e0954654bb011007c1a9ae91505e6d9acd4
results/frozen_core/step33_downstream_acceptance/F7_source_identity_contract_v1.json,723,1434fbf5c819aeec7f305553de606113fe9ea17c63b6ae4194148214c0f1d5cf
results/frozen_core/step33_downstream_acceptance/downstream_acceptance_checks_v2.csv,441,e9bf291994219bc830bf965231332aca450ef5fd0a39959b7f4100c97408e5a3
results/frozen_core/step33_downstream_acceptance/downstream_acceptance_v3.json,2579,a97dfde54359d9ecb5d5d2348429a6f25b0bb0f1c9b54ea29a74c414fd77e162
results/frozen_core/step33_downstream_acceptance/downstream_negative_gate_tests_v2.csv,253,023ae8e84c6164f3ca682f3093aa6c8d1dd1068a0f50b0a4a970d659c871836f
results/frozen_core/step33_downstream_acceptance/downstream_source_identity_v2.json,603,880dfb294ad8f9630319881f4ed8fa781a483c894a5325f2d5f7fdb588861fec
results/frozen_core/step34_f1_f3_freeze/F1_F3_acceptance_checks.csv,1084,354759cac270e9fc7ca5b7f3871b5cbd66ab53b8377038ff54e2a74a723857f5
results/frozen_core/step34_f1_f3_freeze/F1_F3_acceptance_v1.json,3891,6563ea4e87b61149f111356edcc0662861eb01fbf20bbb3fb59ec1f39669c42b
results/frozen_core/step34_f1_f3_freeze/F1_F3_frozen_artifact_hashes.csv,4132,e998acf1477671ccc946ac4a6ae61c5288d9f413a8895c4b6e18f6b61a6d084f
results/frozen_core/step34_f1_f3_freeze/F1_F3_negative_gate_tests.csv,179,e3783fd89a03df4a397c2e416e93db188719339fa73e100d6a70e2490d1a5ada
results/frozen_core/step34_f1_f3_freeze/F3_manifest_verification.csv,601,17e0466c6c676285ff0c9388615e04c23f2523071dd19bf062b5c2fd3e816417
results/frozen_core/step35_claim_registry/V3_claim_registry.csv,5484,f6d43f41f3a596d76168fede4fa31842aa340c75781931a7a19a2713576533ff
results/frozen_core/step35_claim_registry/V3_claim_registry.json,19850,2366c9d4b02816b036bc83e1e85d1acd4e9cafaec54c10611f43e74ab88217eb
results/frozen_core/step35_claim_registry/V3_claim_registry_manifest_sha256.csv,514,2ac18029dca3d2ba28d0ed86ff2f90a188ee2bd8da0de6d042bfd227b4487ceb
results/frozen_core/step35_claim_registry/V3_deprecated_claims.csv,1033,15063a76de4878c07be3991026c162c68922a43bc1f0fb12e4491c57b504e055
results/frozen_core/step35_claim_registry/V3_publication_gate_status.csv,826,9bf17461dcb0ebe8db28fc5a346e06e8b31381553b793496fcaee19ea1bd29fc
results/frozen_core/step35_claim_registry/V3_wording_constraints.csv,1162,4bd4d3d8715487a9296196837e316f1c4ab57875a837e1cbdc619338bb2ca782
scripts/verify_manifest.py,6655,c8a06a6fba9ec8eb3897f4bc3d8044a9d05ea8bd87e469306e6810c6cf34ecab
