file,extension,source_bytes,public_bytes,source_sha256,public_sha256,pass
Figure_1_end_to_end_pipeline_V3.png,.png,107825,107825,f6d192499e55d352b38d3d18023d086f92f7039cbc9ea5a29810573906006aec,f6d192499e55d352b38d3d18023d086f92f7039cbc9ea5a29810573906006aec,True
Figure_1_end_to_end_pipeline_V3.pdf,.pdf,18231,18231,5c0a9a54f206f9dfabbd09ab41a822e264f588c2bdccc577b2a52ac622fa8ba0,5c0a9a54f206f9dfabbd09ab41a822e264f588c2bdccc577b2a52ac622fa8ba0,True
Figure_2_causal_10s_vs_300s_V3.png,.png,95594,95594,a3a8749112c48b8730413b315daa13a469a589a3c7dbe0e07ce0f3ee57f06393,a3a8749112c48b8730413b315daa13a469a589a3c7dbe0e07ce0f3ee57f06393,True
Figure_2_causal_10s_vs_300s_V3.pdf,.pdf,16168,16168,a4e1d8e47864631b571db370696af4884c090b02455aa72acf1cdcb2bc5ad7c8,a4e1d8e47864631b571db370696af4884c090b02455aa72acf1cdcb2bc5ad7c8,True
Figure_3_OOD_penalties_V3.png,.png,91086,91086,b4292f35649847a8d5dd559f7dec63540f3ffc6c12e79a6f339fb83e415952c7,b4292f35649847a8d5dd559f7dec63540f3ffc6c12e79a6f339fb83e415952c7,True
Figure_3_OOD_penalties_V3.pdf,.pdf,16701,16701,b66967334ea2532f7ef0167a65aa8a6dbcd7a0fb04e4e4eebac3cc0f018aad7c,b66967334ea2532f7ef0167a65aa8a6dbcd7a0fb04e4e4eebac3cc0f018aad7c,True
Figure_4_per_battery_online10s_errors_V3.png,.png,113361,113361,f83937d0f644663cc952c6666628e68c33d5f3665f38848b34193ae7e126cc33,f83937d0f644663cc952c6666628e68c33d5f3665f38848b34193ae7e126cc33,True
Figure_4_per_battery_online10s_errors_V3.pdf,.pdf,18265,18265,9bafb9038f17d2455cc4470c7c388cf63846e7f20161d6719e17f76c7e34bc17,9bafb9038f17d2455cc4470c7c388cf63846e7f20161d6719e17f76c7e34bc17,True
Figure_5_seed_stability_V3.png,.png,146307,146307,ce07126ef12454fa92403a4f53b54bbdf9b9dd03c366cc08e53426691125e1de,ce07126ef12454fa92403a4f53b54bbdf9b9dd03c366cc08e53426691125e1de,True
Figure_5_seed_stability_V3.pdf,.pdf,15931,15931,c9b02ef4006db58b7811e3fdd01f9551fbed46ba50dd8784643d9f65105b080a,c9b02ef4006db58b7811e3fdd01f9551fbed46ba50dd8784643d9f65105b080a,True
