metric,value,unit,protocol_id,pipeline_sha256,header_sha256
baseline_sketch_bytes,266306.0,B,ONLINE_FIXED_START_CAUSAL_10S_V1,2ad2b2ca89ab0a5aa09cffe3df663bbbb49d3e198903e3e6939c96f555f295e2,e7720cf63f0056c34dbede64db8b1716552633437edcae2bda3a21a6ab250977
model_sketch_bytes,331138.0,B,ONLINE_FIXED_START_CAUSAL_10S_V1,2ad2b2ca89ab0a5aa09cffe3df663bbbb49d3e198903e3e6939c96f555f295e2,e7720cf63f0056c34dbede64db8b1716552633437edcae2bda3a21a6ab250977
compiled_rf_flash_overhead_bytes,64832.0,B,ONLINE_FIXED_START_CAUSAL_10S_V1,2ad2b2ca89ab0a5aa09cffe3df663bbbb49d3e198903e3e6939c96f555f295e2,e7720cf63f0056c34dbede64db8b1716552633437edcae2bda3a21a6ab250977
compiled_rf_flash_overhead_kib,63.3125,KiB,ONLINE_FIXED_START_CAUSAL_10S_V1,2ad2b2ca89ab0a5aa09cffe3df663bbbb49d3e198903e3e6939c96f555f295e2,e7720cf63f0056c34dbede64db8b1716552633437edcae2bda3a21a6ab250977
baseline_global_static_bytes,14540.0,B,ONLINE_FIXED_START_CAUSAL_10S_V1,2ad2b2ca89ab0a5aa09cffe3df663bbbb49d3e198903e3e6939c96f555f295e2,e7720cf63f0056c34dbede64db8b1716552633437edcae2bda3a21a6ab250977
model_global_static_bytes,14540.0,B,ONLINE_FIXED_START_CAUSAL_10S_V1,2ad2b2ca89ab0a5aa09cffe3df663bbbb49d3e198903e3e6939c96f555f295e2,e7720cf63f0056c34dbede64db8b1716552633437edcae2bda3a21a6ab250977
additional_static_global_bytes,0.0,B,ONLINE_FIXED_START_CAUSAL_10S_V1,2ad2b2ca89ab0a5aa09cffe3df663bbbb49d3e198903e3e6939c96f555f295e2,e7720cf63f0056c34dbede64db8b1716552633437edcae2bda3a21a6ab250977
standalone_inference_mean_us,62.302,us,ONLINE_FIXED_START_CAUSAL_10S_V1,2ad2b2ca89ab0a5aa09cffe3df663bbbb49d3e198903e3e6939c96f555f295e2,e7720cf63f0056c34dbede64db8b1716552633437edcae2bda3a21a6ab250977
e2e_feature_extraction_mean_us,522.299,us,ONLINE_FIXED_START_CAUSAL_10S_V1,2ad2b2ca89ab0a5aa09cffe3df663bbbb49d3e198903e3e6939c96f555f295e2,e7720cf63f0056c34dbede64db8b1716552633437edcae2bda3a21a6ab250977
e2e_rf_inference_mean_us,61.842,us,ONLINE_FIXED_START_CAUSAL_10S_V1,2ad2b2ca89ab0a5aa09cffe3df663bbbb49d3e198903e3e6939c96f555f295e2,e7720cf63f0056c34dbede64db8b1716552633437edcae2bda3a21a6ab250977
e2e_total_compute_mean_us,584.141,us,ONLINE_FIXED_START_CAUSAL_10S_V1,2ad2b2ca89ab0a5aa09cffe3df663bbbb49d3e198903e3e6939c96f555f295e2,e7720cf63f0056c34dbede64db8b1716552633437edcae2bda3a21a6ab250977
runtime_heap_delta_bytes,0.0,B,ONLINE_FIXED_START_CAUSAL_10S_V1,2ad2b2ca89ab0a5aa09cffe3df663bbbb49d3e198903e3e6939c96f555f295e2,e7720cf63f0056c34dbede64db8b1716552633437edcae2bda3a21a6ab250977
e2e_min_free_heap_bytes,429796.0,B,ONLINE_FIXED_START_CAUSAL_10S_V1,2ad2b2ca89ab0a5aa09cffe3df663bbbb49d3e198903e3e6939c96f555f295e2,e7720cf63f0056c34dbede64db8b1716552633437edcae2bda3a21a6ab250977
parity_vectors,18.0,of_18,ONLINE_FIXED_START_CAUSAL_10S_V1,2ad2b2ca89ab0a5aa09cffe3df663bbbb49d3e198903e3e6939c96f555f295e2,e7720cf63f0056c34dbede64db8b1716552633437edcae2bda3a21a6ab250977
parity_features,792.0,of_792,ONLINE_FIXED_START_CAUSAL_10S_V1,2ad2b2ca89ab0a5aa09cffe3df663bbbb49d3e198903e3e6939c96f555f295e2,e7720cf63f0056c34dbede64db8b1716552633437edcae2bda3a21a6ab250977
max_prediction_abs_diff_pp,0.0,pp,ONLINE_FIXED_START_CAUSAL_10S_V1,2ad2b2ca89ab0a5aa09cffe3df663bbbb49d3e198903e3e6939c96f555f295e2,e7720cf63f0056c34dbede64db8b1716552633437edcae2bda3a21a6ab250977
