source_id,relative_path,size_bytes,sha256
timing,results/frozen_core/f7_timing/online_fixed_start_protocol_diagnostics.csv,528,12605b610b65e8d5bd04041386332d3f607c93eefbcb59b46f7e68c9b45e3e87
online_lobo_summary,results/frozen_core/f7_timing/online_fixed_start_lobo_summary.csv,441,c53c625fdb443e5f5b34529a81627c2933c23eec45cf0869b4884f3ad752427f
online_lobo_by_battery,results/frozen_core/f7_timing/online_fixed_start_lobo_by_battery.csv,6808,8ada3d922a6eccb4007f7ac451cad2cc02f35c8b0f4806d3c8d097a28d43040b
temp_aggregate,results/frozen_core/f1_temperature_ood/temperature_corrected_aggregate.csv,702,47b829ed62971fddc5db1b54f62d60fe6e80d097593532f65207dc987b302e36
temp_bootstrap,results/frozen_core/f1_temperature_ood/temperature_corrected_penalty_bootstrap.csv,523,c0e9d7a4ed16f998974a70ad9626ddf443e8eb9ab34eb83275ea2c22e43397c1
canonical_compare,results/frozen_core/f3_canonical_contract/canonical_lobo_vs_frozen_comparison.csv,3635,c70c5a07985a2f05060e47c33c62cf374c6243459241db784d2785f312c82867
rf_params,results/frozen_core/f3_canonical_contract/rf20x7_parameter_check.csv,198,b46e4f86658d6a255cf4a3a5876863251653a6fc99e54b9d95c5223cbb5bbff3
claim_registry,results/frozen_core/step35_claim_registry/V3_claim_registry.csv,5484,f6d43f41f3a596d76168fede4fa31842aa340c75781931a7a19a2713576533ff
deprecated_claims,results/frozen_core/step35_claim_registry/V3_deprecated_claims.csv,1033,15063a76de4878c07be3991026c162c68922a43bc1f0fb12e4491c57b504e055
wording_constraints,results/frozen_core/step35_claim_registry/V3_wording_constraints.csv,1162,4bd4d3d8715487a9296196837e316f1c4ab57875a837e1cbdc619338bb2ca782
online_error_metrics,results/supplementary/17_error_uncertainty_reproducibility_freeze/online10s_error_metrics_seed42.csv,734,6d818335da81d6e7d24e7e79e426656fce5f59c3317f6e0f4276cfe74569bce1
online_bootstrap,results/supplementary/17_error_uncertainty_reproducibility_freeze/online10s_battery_bootstrap_ci.csv,280,a08e8c296b30e2387f2549ee8ab17bc9f12e79b9f8207aa2af394a473d0e0903
compact_full_bootstrap,results/supplementary/17_error_uncertainty_reproducibility_freeze/online10s_compact_vs_full_bootstrap.csv,208,99adb17978ebea9d885a87fc4be27788f09cec92600676b855c980d20a70b963
seed_stability,results/supplementary/17_error_uncertainty_reproducibility_freeze/seed_stability_summary.csv,453,130e44dfa6d497f0e4e786d568cc43761b5eb4eec4d01d9e338e3c2140e5ae7b
seed_macro,results/supplementary/17_error_uncertainty_reproducibility_freeze/seed_stability_macro_results.csv,803,839ea5b5f5add23a6ab54ca02cd2c71aa5414397c699b6b1da02805e789480e8
causal_summary,results/supplementary/14_causal_endpoint_aligned_validation/causal_lobo_summary.csv,441,e9e2b7b179ba6a4f7b331204304385b5716038d47aae6b47343b6ce65beb5a5e
causal_bootstrap,results/supplementary/14_causal_endpoint_aligned_validation/causal_10_vs_300_bootstrap.csv,349,f3b1381ba61004590272bac57c80d803826c44ff0e2d21541e24cbdccad4a1d6
d2_aggregate,results/supplementary/23_D2_online_fixed_start_ood_validation/online_ood_aggregate_by_split.csv,1076,b446cf293b94675c3bf76a2798af4cb4e3660187908ebe1edce0bbfcda80a9ff
d2_bootstrap,results/supplementary/23_D2_online_fixed_start_ood_validation/online_ood_penalty_bootstrap.csv,731,7a2da951f53c897de9f65f0d02dc3c71f045f5e2cc2fb766333925151f11750d
square_detail,results/supplementary/23_D2_online_fixed_start_ood_validation/online_ood_condition_detail.csv,5798,a1a17336e34f3e2ab8b95d39649dcf8b5336b12f5a85a984daf7e8df7fee70a0
hardware_summary,deployment/esp32_c6/supporting_hardware_evidence/5b84b4c79c93/hardware_summary_recalculated.csv,3257,5b84b4c79c9371f3c020bcae2919569a3c813c144ee4fff45e4809bf30ee3769
build_identity,deployment/esp32_c6/supporting_hardware_evidence/e1a8142a43c2/F6_build_identity_resolved_v3.csv,538,e1a8142a43c2f463ca17f9e5d666c95c46f10fa6318d0009a1befcdc3deac205
deployment_metadata,deployment/esp32_c6/canonical_deployment/final_online_rf20x7/final_online_deployment_metadata.json,2218,b05e76283ea8319c2dc08e1b93a659e77ca14df96fee8207b98deffeb8b63907
