group,filename,expected_sha256,actual_sha256,pass
F1,F1_independent_audit_value_sanity.csv,7e3724bc5eff84a27c2237551f2cf30b3919a2b5b19e4480402f88bdd72a15a2,7e3724bc5eff84a27c2237551f2cf30b3919a2b5b19e4480402f88bdd72a15a2,True
F1,F1_temperature_claim_registry_patch.csv,969319e0ad59dcc2eeee6b4ad45fe7e0ba65a69a3c5880d09fbe94b77b00834d,969319e0ad59dcc2eeee6b4ad45fe7e0ba65a69a3c5880d09fbe94b77b00834d,True
F1,F1_temperature_matched_pool_metadata.json,0d1b28c932dc3ee6d215c441f6405b2c150672fb8e068bbbf9721ffe359c4d35,0d1b28c932dc3ee6d215c441f6405b2c150672fb8e068bbbf9721ffe359c4d35,True
F1,temperature_allowed_31_batteries.csv,0f83bcd3bf88433cf2d34822a13526426049c201140bc08ae017e085154712d1,0f83bcd3bf88433cf2d34822a13526426049c201140bc08ae017e085154712d1,True
F1,temperature_condition_fold_train_test_ids.csv,db35409df68d023dad7b207edfc3c572f7362ab131ecb37e8c804adaa7ce57ec,db35409df68d023dad7b207edfc3c572f7362ab131ecb37e8c804adaa7ce57ec,True
F1,temperature_corrected_aggregate.csv,47b829ed62971fddc5db1b54f62d60fe6e80d097593532f65207dc987b302e36,47b829ed62971fddc5db1b54f62d60fe6e80d097593532f65207dc987b302e36,True
F1,temperature_corrected_paired_by_battery.csv,b4257a32b93147fb7179e124d749f4cd5a42eeaf992d6d06833a344ec3bd8445,b4257a32b93147fb7179e124d749f4cd5a42eeaf992d6d06833a344ec3bd8445,True
F1,temperature_corrected_penalty_bootstrap.csv,c0e9d7a4ed16f998974a70ad9626ddf443e8eb9ab34eb83275ea2c22e43397c1,c0e9d7a4ed16f998974a70ad9626ddf443e8eb9ab34eb83275ea2c22e43397c1,True
F1,temperature_matched_31cell_lobo_by_battery.csv,844e31ae8c01db3d3163eb60806d044f53f0725da2931afbb22e9ce2614f3c4b,844e31ae8c01db3d3163eb60806d044f53f0725da2931afbb22e9ce2614f3c4b,True
F1,temperature_matched_31cell_lobo_fold_train_test_ids.csv,b5d4e13fee93d5ff0cada3cfe3e8682368855b94dea1db762156ac56fcec2f69,b5d4e13fee93d5ff0cada3cfe3e8682368855b94dea1db762156ac56fcec2f69,True
F1,temperature_old_vs_corrected.csv,c373e5f0d0f124145a50b219434dc158611f2048a4cf70638a0b910d3efee454,c373e5f0d0f124145a50b219434dc158611f2048a4cf70638a0b910d3efee454,True
F3,canonical_float64_seed42_lobo_by_battery.csv,8beb460700a6652d7099dba8af47182b824797393635c5cc6c292cafcbee7258,8beb460700a6652d7099dba8af47182b824797393635c5cc6c292cafcbee7258,True
F3,canonical_float64_tree_exact_match.csv,03ac21b221db73b07d5c0e1579357c12052b335e67ae5a2a0e18482411605cc3,03ac21b221db73b07d5c0e1579357c12052b335e67ae5a2a0e18482411605cc3,True
F3,canonical_lobo_vs_frozen_comparison.csv,c70c5a07985a2f05060e47c33c62cf374c6243459241db784d2785f312c82867,c70c5a07985a2f05060e47c33c62cf374c6243459241db784d2785f312c82867,True
F3,canonical_training_environment.json,cffbb78d32feea7fa00ece67b35f48a96a9011787c8ba46bb7d3a90a001eae21,cffbb78d32feea7fa00ece67b35f48a96a9011787c8ba46bb7d3a90a001eae21,True
F3,environment_repro_exact.yml,f8cd7bc3ae454068a1d0278cc16e0d0aaa4a5cd8f006581b77340093dd728ecb,f8cd7bc3ae454068a1d0278cc16e0d0aaa4a5cd8f006581b77340093dd728ecb,True
F3,F3_artifact_manifest_sha256.csv,55a85e6f2a7a1d42e3bbac140a759fe15f35657e1c82891a22872231c3d2f1c0,55a85e6f2a7a1d42e3bbac140a759fe15f35657e1c82891a22872231c3d2f1c0,True
F3,final_online_training_canonical_v2.npz,4472effc044206968c759c3f133d8216efb6dec7abae02074972f15951318962,4472effc044206968c759c3f133d8216efb6dec7abae02074972f15951318962,True
F3,legacy_float32_target_tree_match.csv,e36e7f5e7658faf942e46503cf8d81ce191b10044710f97febe1bd22534c6033,e36e7f5e7658faf942e46503cf8d81ce191b10044710f97febe1bd22534c6033,True
F3,README_CANONICAL_TRAINING_CONTRACT.txt,30c45f9be77fa4db71f5717cc7428e9db455b32796704166c8d6028a0c744766,30c45f9be77fa4db71f5717cc7428e9db455b32796704166c8d6028a0c744766,True
F3,requirements_repro_exact.txt,f33ba8c4f2871857cf7393f97e844929caa529150f679cb802228a97aa35317a,f33ba8c4f2871857cf7393f97e844929caa529150f679cb802228a97aa35317a,True
F3,rf20x7_parameter_check.csv,b46e4f86658d6a255cf4a3a5876863251653a6fc99e54b9d95c5223cbb5bbff3,b46e4f86658d6a255cf4a3a5876863251653a6fc99e54b9d95c5223cbb5bbff3,True
F3,target_precision_audit.csv,0c8135ee99500531290d5c146a7a825daa565be6f22aaeaf64c9d32d7ce3ab5e,0c8135ee99500531290d5c146a7a825daa565be6f22aaeaf64c9d32d7ce3ab5e,True
