metric,value,unit
baseline_sketch_bytes,,B
baseline_global_bytes,,B
model_sketch_bytes,,B
model_global_bytes,,B
compiled_model_flash_overhead,,B
additional_static_global_ram,,B
inference_mean,,us
inference_min,,us
inference_max,,us
inference_heap_delta,,B
inference_min_free_heap,,B
parity_vectors_pass,,/18
parity_features_pass,,/792
parity_max_feature_diff,,
parity_max_prediction_diff,,pp
feature_extraction_mean,,us
total_post_acquisition_mean,,us
total_post_acquisition_min,,us
total_post_acquisition_max,,us
e2e_heap_delta,,B
e2e_min_free_heap,,B
