feature_index,feature_name
0,v_mean
1,v_std
2,v_min
3,v_max
4,v_range
5,v_median
6,v_start
7,v_end
8,v_delta
9,v_slope_per_s
10,v_mean_abs_diff
11,v_max_abs_diff
12,i_mean
13,i_std
14,i_min
15,i_max
16,i_range
17,i_median
18,i_start
19,i_end
20,i_delta
21,i_slope_per_s
22,i_mean_abs_diff
23,i_max_abs_diff
24,t_mean
25,t_std
26,t_min
27,t_max
28,t_range
29,t_median
30,t_start
31,t_end
32,t_delta
33,t_slope_per_s
34,t_mean_abs_diff
35,t_max_abs_diff
36,i_rms
37,i_abs_mean
38,i_active_fraction
39,discharge_power_mean_w
40,discharge_power_std_w
41,discharge_power_max_w
42,v_i_corr
43,temperature_rise_c
