feature_index,feature_name,median
0,v_mean,3.881954561580311
1,v_std,0.00559009646730118
2,v_min,3.8702898025512695
3,v_max,3.8942711353302
4,v_range,0.01771998405456543
5,v_median,3.8819546699523926
6,v_start,3.8942711353302
7,v_end,3.8702898025512695
8,v_delta,-0.01771998405456543
9,v_slope_per_s,-0.0017677437175403245
10,v_mean_abs_diff,0.001771998405456543
11,v_max_abs_diff,0.001825094223022461
12,i_mean,-2.0088659416545522
13,i_std,0.00030733913138454583
14,i_min,-2.0094735622406006
15,i_max,-2.0060079097747803
16,i_range,0.0009682178497314453
17,i_median,-2.008852243423462
18,i_start,-2.0065534114837646
19,i_end,-2.008726119995117
20,i_delta,-7.367134094238281e-05
21,i_slope_per_s,-7.152557373149019e-06
22,i_mean_abs_diff,9.746551513671875e-05
23,i_max_abs_diff,0.00010210275650024414
24,t_mean,24.019078514792703
25,t_std,0.02911974252728757
26,t_min,23.953811645507812
27,t_max,24.081462860107422
28,t_range,0.091766357421875
29,t_median,24.018856048583984
30,t_start,23.953811645507812
31,t_end,24.081462860107422
32,t_delta,0.0905914306640625
33,t_slope_per_s,0.009081996570934963
34,t_mean_abs_diff,0.0091766357421875
35,t_max_abs_diff,0.00923919677734375
36,i_rms,2.008898909859597
37,i_abs_mean,2.0088659416545522
38,i_active_fraction,1.0
39,discharge_power_mean_w,7.85081660899086
40,discharge_power_std_w,0.011121861602692889
41,discharge_power_max_w,7.881587144203138
42,v_i_corr,0.9833527993351933
43,temperature_rise_c,0.0905914306640625
