battery_id,experiment_group,cycle_uid,soh_rated_pct,expected_prediction_pp,f00,f01,f02,f03,f04,f05,f06,f07,f08,f09,f10,f11,f12,f13,f14,f15,f16,f17,f18,f19,f20,f21,f22,f23,f24,f25,f26,f27,f28,f29,f30,f31,f32,f33,f34,f35,f36,f37,f38,f39,f40,f41,f42,f43
B0036,24C_constant_2A,B0036_D0167,82.5589303549996,82.59120178222656,3.860579,0.0036930388,3.8547397,3.8664181,0.011678457,3.860579,3.8664181,3.8547397,-0.011678457,-0.0011678414,0.0011678457,0.0011680126,-1.9959589,0.00013024414,-1.9961648,-1.9957529,0.0004118681,-1.9959589,-1.9957529,-1.9961648,-0.0004118681,-4.118681e-05,4.118681e-05,4.1246414e-05,24.768284,0.023755927,24.730722,24.805845,0.07512283,24.768284,24.730722,24.805845,0.07512283,0.0075122835,0.0075122835,0.0075130463,1.9959589,1.9959589,1.0,7.7055564,0.006868336,7.7164154,1.0,0.07512283
B0036,24C_constant_2A,B0036_D0053,87.6481901324576,87.61112213134766,3.8790934,0.0037657465,3.8731391,3.8850474,0.011908293,3.8790934,3.8850474,3.8731391,-0.011908293,-0.0011908336,0.0011908293,0.0011909008,-1.9940296,2.7895992e-05,-1.9940737,-1.9939855,8.8214874e-05,-1.9940296,-1.9939855,-1.9940737,-8.8214874e-05,-8.821487e-06,8.821487e-06,8.821487e-06,25.394499,0.022885352,25.358313,25.430683,0.07237053,25.394499,25.358313,25.430683,0.07237053,0.0072369836,0.007237053,0.007238388,1.9940296,1.9940296,1.0,7.735027,0.007400799,7.7467284,1.0,0.07237053
B0034,24C_constant_4A,B0034_D0082,66.95226121384636,69.21388244628906,3.5103376,0.008677079,3.4966178,3.5240571,0.027439356,3.5103376,3.5240571,3.4966178,-0.027439356,-0.0027439333,0.0027439357,0.0027439594,-4.0288,5.402802e-06,-4.0288086,-4.0287914,1.7166138e-05,-4.0288,-4.0287914,-4.0288086,-1.7166138e-05,-1.707944e-06,1.7166137e-06,1.9073486e-06,24.23322,0.1251204,24.035387,24.431053,0.39566612,24.23322,24.035387,24.431053,0.39566612,0.039566543,0.039566614,0.039567947,4.0288,4.0288,1.0,14.142448,0.03493926,14.197691,0.9996652,0.39566612
B0034,24C_constant_4A,B0034_D0028,74.61076527753261,73.91883087158203,3.5517986,0.008042339,3.5390825,3.5645146,0.02543211,3.5517986,3.5645146,3.5390825,-0.02543211,-0.002543211,0.002543211,0.002543211,-4.027028,0.0003513387,-4.0275836,-4.0264726,0.0011110306,-4.027028,-4.0264726,-4.0275836,-0.0011110306,-0.00011110306,0.00011110306,0.00011110306,25.130081,0.11149048,24.953798,25.306362,0.35256386,25.130081,24.953798,25.306362,0.35256386,0.035256386,0.035256386,0.03525734,4.027028,4.027028,1.0,14.30319,0.031138841,14.352421,1.0,0.35256386
B0026,24C_square_wave,B0026_D0022,89.12286150634974,89.73744201660156,3.9065468,0.12481582,3.7091959,4.103898,0.3947022,3.9065468,4.103898,3.7091959,-0.3947022,-0.03947023,0.039470218,0.039470434,-2.236568,1.1303985,-4.0238853,-0.4492511,3.574634,-2.236568,-0.4492511,-4.0238853,-3.574634,-0.35746342,0.35746342,0.3574636,27.125689,0.03976036,27.062822,27.188557,0.12573433,27.125689,27.062822,27.188557,0.12573433,0.012573329,0.012573433,0.01257515,2.5060003,2.236568,1.0,8.596167,4.1386724,14.925379,1.0,0.12573433
B0026,24C_square_wave,B0026_D0001,90.66252151934948,90.2109375,3.9169564,0.150702,3.678286,4.153273,0.47498703,3.917218,4.153273,3.678286,-0.47498703,-0.04765562,0.047498703,0.047786713,-2.0086787,1.2731112,-4.0250363,-0.01281738,4.012219,-2.0064013,-0.01281738,-4.0250363,-4.012219,-0.4025883,0.4012219,0.4037273,26.81091,0.04711205,26.736254,26.885366,0.1491127,26.810932,26.736254,26.885366,0.1491127,0.014898127,0.01491127,0.015129089,2.378151,2.0086787,0.90909094,7.6760464,4.6855307,14.805235,1.0,0.1491127
B0039,24_44C_multi_load,B0039_D0042,81.71911364680633,84.28365325927734,3.9124432,0.0034534484,3.906983,3.9179037,0.010920763,3.9124432,3.9179037,3.906983,-0.010920763,-0.0010920763,0.0010920763,0.0010921955,-1.9907243,0.00030097514,-1.9912002,-1.9902484,0.00095176697,-1.9907243,-1.9902484,-1.9912002,-0.00095176697,-9.51767e-05,9.51767e-05,9.524822e-05,45.274994,0.010024463,45.259144,45.290844,0.031700134,45.274994,45.259144,45.290844,0.031700134,0.0031700134,0.0031700134,0.0031700134,1.9907244,1.9907243,1.0,7.788595,0.005697316,7.7976017,1.0,0.031700134
B0039,24_44C_multi_load,B0039_D0018,88.4754089440088,87.88200378417969,4.0650353,0.001647536,4.0624304,4.0676403,0.005209923,4.0650353,4.0676403,4.0624304,-0.005209923,-0.00052099663,0.00052099227,0.000521183,-0.99630886,0.0001247112,-0.9965061,-0.9961117,0.00039440393,-0.99630886,-0.9965061,-0.9961117,0.00039440393,3.9437142e-05,3.9440394e-05,3.9458275e-05,45.20769,0.007493508,45.195843,45.21954,0.0236969,45.20769,45.195843,45.21954,0.0236969,0.0023696553,0.00236969,0.0023727417,0.9963089,0.99630886,1.0,4.050031,0.00214841,4.053428,-1.0,0.0236969
B0030,43C_constant_4A,B0030_D0015,83.59203570435827,84.25037384033203,3.8287947,0.0063252,3.8187938,3.838796,0.020002127,3.8287947,3.838796,3.8187938,-0.020002127,-0.002000204,0.0020002127,0.0020003319,-4.0247693,0.00051098334,-4.025577,-4.023961,0.0016160011,-4.0247693,-4.025577,-4.023961,0.0016160011,0.00016158712,0.00016160011,0.0001616478,44.88749,0.053862434,44.802322,44.972652,0.17033005,44.88749,44.802322,44.972652,0.17033005,0.017032797,0.017033005,0.017036438,4.0247693,4.0247693,1.0,15.410018,0.027413921,15.453369,-0.99999994,0.17033005
B0032,43C_constant_4A,B0032_D0015,88.49976666822215,87.78089904785156,3.7885695,0.0062414575,3.7787008,3.798438,0.019737244,3.7885695,3.798438,3.7787008,-0.019737244,-0.0019737221,0.0019737245,0.0019738674,-3.990761,0.00014616268,-3.990992,-3.9905298,0.00046229362,-3.990761,-3.990992,-3.9905298,0.00046229362,4.622069e-05,4.622936e-05,4.6253204e-05,44.783985,0.06857605,44.675556,44.892414,0.21685791,44.783985,44.675556,44.892414,0.21685791,0.021685652,0.02168579,0.021686554,3.990761,3.990761,1.0,15.119276,0.025461912,15.159536,-0.99999994,0.21685791
B0045,4C_constant_1A,B0045_D0001,54.09896940389759,58.72010040283203,3.9226303,0.0042414726,3.915924,3.9293368,0.013412714,3.9226303,3.9293368,3.915924,-0.013412714,-0.0013412714,0.0013412714,0.0013413429,-1.0052688,2.9551264e-05,-1.0053155,-1.0052221,9.346008e-05,-1.0052688,-1.0053155,-1.0052221,9.346008e-05,9.344924e-06,9.3460085e-06,9.417534e-06,6.7327247,0.019237954,6.7023067,6.7631426,0.06083584,6.7327247,6.7023067,6.7631426,0.06083584,0.006083575,0.006083584,0.0060839653,1.0052688,1.0052688,1.0,3.943298,0.0043797386,3.9502234,-0.9999994,0.06083584
B0048,4C_constant_1A,B0048_D0067,64.99367271416074,58.716522216796875,3.9200134,0.00527224,3.9116774,3.9283497,0.016672373,3.9200134,3.9283497,3.9116774,-0.016672373,-0.0016672286,0.0016672373,0.0016672611,-0.9951252,0.00011602711,-0.99530864,-0.9949417,0.0003669262,-0.9951252,-0.99530864,-0.9949417,0.0003669262,3.6690995e-05,3.6692618e-05,3.671646e-05,6.153946,0.011157478,6.1363044,6.1715875,0.03528309,6.153946,6.1363044,6.1715875,0.03528309,0.0035283046,0.0035283088,0.003528595,0.9951252,0.9951252,1.0,3.900905,0.0057013663,3.9099205,-1.0,0.03528309
B0055,4C_constant_2A_EOL,B0055_D0097,50.18275790410195,53.34632110595703,3.8391063,0.005583126,3.8302786,3.847934,0.017655373,3.8391063,3.847934,3.8302786,-0.017655373,-0.0017655394,0.0017655373,0.001765728,-1.9884253,2.0530717e-06,-1.9884285,-1.9884219,6.556511e-06,-1.9884253,-1.9884285,-1.9884219,6.556511e-06,6.491488e-07,6.556511e-07,7.1525574e-07,5.41179,0.030889157,5.36295,5.46063,0.09768009,5.41179,5.36295,5.46063,0.09768009,0.009768009,0.009768009,0.009768009,1.9884253,1.9884253,1.0,7.6337757,0.0111095095,7.6513414,-0.999862,0.09768009
B0056,4C_constant_2A_EOL,B0056_D0074,56.98626947130938,57.779029846191406,3.77715,0.005833573,3.7679262,3.7863736,0.0184474,3.77715,3.7863736,3.7679262,-0.0184474,-0.0018447378,0.0018447399,0.001844883,-1.9925944,0.0004335188,-1.9932798,-1.9919089,0.0013709068,-1.9925944,-1.9932798,-1.9919089,0.0013709068,0.00013709068,0.00013709068,0.00013709068,5.59658,0.016181938,5.5709944,5.622166,0.05117178,5.59658,5.5709944,5.622166,0.05117178,0.005117178,0.005117178,0.0051174164,1.9925944,1.9925944,1.0,7.52633,0.01326141,7.5473022,-1.0,0.05117178
B0049,4C_constant_2A_truncated,B0049_D0019,38.55932951922579,44.3090934753418,3.7301466,0.008090907,3.7173538,3.7429395,0.025585651,3.7301466,3.7429395,3.7173538,-0.025585651,-0.0025585694,0.0025585652,0.0025587082,-2.0137844,0.00037187347,-2.0143723,-2.0131965,0.0011758804,-2.0137844,-2.0131965,-2.0143723,-0.0011758804,-0.00011759671,0.000117588046,0.00011777878,6.7815638,0.046889983,6.707424,6.8557034,0.14827919,6.7815638,6.707424,6.8557034,0.14827919,0.014827915,0.014827919,0.014828205,2.0137844,2.0137844,1.0,7.5117083,0.014906201,7.5352726,1.0,0.14827919
B0052,4C_constant_2A_truncated,B0052_D0004,67.57823676313247,57.533714294433594,3.8246875,0.0067043467,3.8141177,3.8354387,0.021321058,3.8246675,3.8354387,3.8141177,-0.021321058,-0.002120029,0.0021321059,0.0023314953,-1.9932152,0.00026620983,-1.9936454,-1.9928472,0.0007982254,-1.9932083,-1.9928472,-1.9936454,-0.0007982254,-8.396994e-05,7.982254e-05,8.749962e-05,4.818333,0.0059716706,4.8097897,4.82819,0.018400192,4.8179674,4.8117666,4.82819,0.016423225,0.0018616763,0.0020377159,0.0020446777,1.9932152,1.9932152,1.0,7.6234236,0.012348558,7.6434436,0.996851,0.016423225
B0043,4C_multi_load,B0043_D0102,69.31472654267984,68.96478271484375,3.9775999,0.0039561177,3.9713447,3.983855,0.0125103,3.9775999,3.983855,3.9713447,-0.0125103,-0.0012510343,0.00125103,0.0012512207,-0.9955817,0.00016234166,-0.9958384,-0.995325,0.0005133748,-0.9955817,-0.995325,-0.9958384,-0.0005133748,-5.1336938e-05,5.133748e-05,5.1379204e-05,5.886762,0.015104741,5.8628793,5.9106445,0.047765255,5.886762,5.8628793,5.9106445,0.047765255,0.0047765383,0.0047765253,0.0047769547,0.9955817,0.9955817,1.0,3.960025,0.0032929084,3.9652307,1.0,0.047765255
B0043,4C_multi_load,B0043_D0016,80.16763980980765,79.20199584960938,3.942234,0.0053041866,3.9338474,3.9506207,0.016773224,3.942234,3.9506207,3.9338474,-0.016773224,-0.001677331,0.0016773224,0.0016775131,-1.9891344,0.00019282162,-1.9894392,-1.9888295,0.0006097555,-1.9891344,-1.9894392,-1.9888295,0.0006097555,6.097555e-05,6.097555e-05,6.1035156e-05,21.902807,0.02277311,21.8668,21.938814,0.072013855,21.902807,21.8668,21.938814,0.072013855,0.0072014895,0.0072013857,0.0072021484,1.9891344,1.9891344,1.0,7.8416343,0.0113108875,7.85952,-1.0,0.072013855
