battery_id,cycle_uid,discharge_cycle,soh_rated_pct,duration_s,active_time_s,target_decision_time_s,decision_time_s,decision_delay_beyond_target_s,window_start_s,window_end_s,raw_inside_count,interpolated_grid_fraction,future_support_s,extra_history_s,experiment_group,source_row_index
B0036,B0036_D0167,167,82.5589303549996,10,24.906000000000002,39.906000000000006,54.922,15.015999999999991,44.922,54.922,1,0.9090909090909091,0.0,5.078000000000003,24C_constant_2A,1450
B0036,B0036_D0053,53,87.6481901324576,10,21.577999999999996,36.577999999999996,45.202999999999996,8.625,35.202999999999996,45.202999999999996,1,0.9090909090909091,0.0,1.9059999999999988,24C_constant_2A,1337
B0034,B0034_D0082,82,66.95226121384636,10,22.578000000000003,37.578,48.109,10.530999999999999,38.109,48.109,1,0.9090909090909091,0.0,2.8590000000000018,24C_constant_4A,1171
B0034,B0034_D0028,28,74.61076527753261,10,20.719,35.719,42.312,6.592999999999996,32.312,42.312,1,0.9090909090909091,0.0,0.8589999999999947,24C_constant_4A,1117
B0026,B0026_D0022,22,89.12286150634974,10,20.671,35.671,43.14,7.469000000000001,33.14,43.14,1,0.9090909090909091,0.0,1.2650000000000006,24C_square_wave,684
B0026,B0026_D0001,1,90.66252151934948,10,19.546999999999997,34.547,39.469,4.922000000000004,29.469,39.469,2,0.9090909090909091,0.0,9.922000000000004,24C_square_wave,664
B0039,B0039_D0042,42,81.71911364680633,10,21.563000000000002,36.563,44.375,7.811999999999998,34.375,44.375,1,0.9090909090909091,0.0,1.4209999999999994,24_44C_multi_load,1557
B0039,B0039_D0018,18,88.4754089440088,10,20.406999999999996,35.407,40.968999999999994,5.561999999999998,30.968999999999994,40.968999999999994,1,0.9090909090909091,0.0,0.3119999999999976,24_44C_multi_load,1533
B0030,B0030_D0015,15,83.59203570435827,10,20.172000000000004,35.172000000000004,40.266000000000005,5.094000000000001,30.266000000000005,40.266000000000005,1,0.9090909090909091,0.0,0.04700000000000415,43C_constant_4A,801
B0032,B0032_D0015,15,88.49976666822215,10,20.172000000000004,35.172000000000004,40.266000000000005,5.094000000000001,30.266000000000005,40.266000000000005,1,0.9090909090909091,0.0,0.04700000000000415,43C_constant_4A,881
B0045,B0045_D0001,1,54.09896940389759,10,23.281,38.281,49.625,11.344000000000001,39.625,49.625,1,0.9090909090909091,0.0,3.219000000000001,4C_constant_1A,1829
B0048,B0048_D0067,67,64.99367271416074,10,25.266,40.266,40.437,0.17099999999999937,30.436999999999998,40.437,1,0.9090909090909091,0.0,5.170999999999999,4C_constant_1A,2100
B0055,B0055_D0097,97,50.18275790410195,10,22.75,37.75,48.125,10.375,38.125,48.125,1,0.9090909090909091,0.0,2.672000000000004,4C_constant_2A_EOL,2414
B0056,B0056_D0074,74,56.98626947130938,10,22.156,37.156,46.062,8.905999999999999,36.062,46.062,1,0.9090909090909091,0.0,1.968999999999994,4C_constant_2A_EOL,2492
B0049,B0049_D0019,19,38.55932951922579,10,20.265000000000004,35.265,40.906,5.640999999999998,30.906,40.906,1,0.9090909090909091,0.0,0.34399999999999764,4C_constant_2A_truncated,2121
B0052,B0052_D0004,4,67.57823676313247,10,19.719,34.719,38.75,4.030999999999999,28.75,38.75,2,0.9090909090909091,0.0,9.030999999999999,4C_constant_2A_truncated,2162
B0043,B0043_D0102,102,69.31472654267984,10,23.0,38.0,48.703,10.703000000000003,38.703,48.703,1,0.9090909090909091,0.0,2.9370000000000047,4C_multi_load,1753
B0043,B0043_D0016,16,80.16763980980765,10,20.406000000000006,35.406000000000006,40.828,5.421999999999997,30.828000000000003,40.828,1,0.9090909090909091,0.0,0.1869999999999976,4C_multi_load,1713
