Metric,Result,Unit
MCU,ESP32-C6FH4 QFN32 rev 0.2,
CPU frequency,160 MHz,
Crystal,40 MHz,
Arduino core,3.3.5,
Board profile,ESP32C6 Dev Module,
USB CDC,Enabled,
USB mode,Hardware CDC/JTAG,
Model,RF20x7,
Trees,20,
Configured max depth,7,
Features,44,
Total tree nodes,3968,
Strict LOBO MAE,7.096415349426007,pp
Baseline sketch,266306,B
Model sketch,331138,B
Incremental inference-sketch Flash footprint,64832,B
Incremental inference-sketch Flash footprint,63.3125,KiB
Baseline static/global allocation,14540,B
Model static/global allocation,14540,B
Additional static/global compile delta,0,B
Standalone RF inference — mean,62.302,µs
Feature extraction — mean,522.299,µs
RF inference inside E2E — mean,61.842,µs
Total post-acquisition compute — mean,584.141,µs
Runtime heap delta in benchmark,0,B
Minimum free heap in E2E benchmark,429796,B
Device parity vectors,18/18,
Device parity features,792/792,
Max device prediction difference,0.0,pp
Build identity completeness,PARTIAL,
