battery_id,raw_path,found
B0005,${PROJECT_ROOT}\1\B0005.mat,True
B0006,${PROJECT_ROOT}\1\B0006.mat,True
B0007,${PROJECT_ROOT}\1\B0007.mat,True
B0018,${PROJECT_ROOT}\1\B0018.mat,True
B0025,${PROJECT_ROOT}\2\B0025.mat,True
B0026,${PROJECT_ROOT}\2\B0026.mat,True
B0027,${PROJECT_ROOT}\2\B0027.mat,True
B0028,${PROJECT_ROOT}\2\B0028.mat,True
B0029,${PROJECT_ROOT}\3\B0029.mat,True
B0030,${PROJECT_ROOT}\3\B0030.mat,True
B0031,${PROJECT_ROOT}\3\B0031.mat,True
B0032,${PROJECT_ROOT}\3\B0032.mat,True
B0033,${PROJECT_ROOT}\3\B0033.mat,True
B0034,${PROJECT_ROOT}\3\B0034.mat,True
B0036,${PROJECT_ROOT}\3\B0036.mat,True
B0038,${PROJECT_ROOT}\3\B0038.mat,True
B0039,${PROJECT_ROOT}\3\B0039.mat,True
B0040,${PROJECT_ROOT}\3\B0040.mat,True
B0041,${PROJECT_ROOT}\3\B0041.mat,True
B0042,${PROJECT_ROOT}\3\B0042.mat,True
B0043,${PROJECT_ROOT}\3\B0043.mat,True
B0044,${PROJECT_ROOT}\3\B0044.mat,True
B0045,${PROJECT_ROOT}\4\B0045.mat,True
B0046,${PROJECT_ROOT}\4\B0046.mat,True
B0047,${PROJECT_ROOT}\4\B0047.mat,True
B0048,${PROJECT_ROOT}\4\B0048.mat,True
B0049,${PROJECT_ROOT}\5\B0049.mat,True
B0050,${PROJECT_ROOT}\5\B0050.mat,True
B0051,${PROJECT_ROOT}\5\B0051.mat,True
B0052,${PROJECT_ROOT}\5\B0052.mat,True
B0053,${PROJECT_ROOT}\6\B0053.mat,True
B0054,${PROJECT_ROOT}\6\B0054.mat,True
B0055,${PROJECT_ROOT}\6\B0055.mat,True
B0056,${PROJECT_ROOT}\6\B0056.mat,True
